province,block_id,budget_fraction,method,heldout_temporal_demand_capture,normalized_heldout_capture,heldout_recall_1km,heldout_recall_2km,heldout_top25_recall_2km,temporal_incremental_coverage,bottom20_final_coverage,zone_jain,zone_gini,mean_service_distance_km,p95_service_distance_km,redundancy_jaccard,runtime_seconds,candidate_availability_capture_upper_bound,candidate_availability_recall_1km_upper_bound,candidate_availability_recall_2km_upper_bound,normalized_heldout_recall_1km,normalized_heldout_recall_2km
cantho,0,0.02,B1_random,0.001309617583361175,0.038971674081907076,0.00123013787835799,0.01460653622399829,0.009523809523809523,0.0379703601891019,0.054323593311230906,0.20251724712398517,0.8145476380551773,8.415776741028047,36.224191741556496,0.04216771059125269,0.0003187138666817191,0.033604345058637755,0.0369041363507397,0.37993692557154624,0.03333333333333333,0.03844463446669577
cantho,0,0.02,B2_poi_density,0.0,0.0,0.0,0.0,0.0,0.06468248129260869,0.04318192930759432,0.18397856912881222,0.8305689227630821,11.57077649292372,52.599729445028125,0.6138837334084927,0.0004544180001175846,0.033604345058637755,0.0369041363507397,0.37993692557154624,0.0,0.0
cantho,0,0.02,B3_temporal_rank,0.0,0.0,0.0,0.0,0.0,0.05548662727691907,0.021978876744509896,0.18447631117202862,0.8306786221499571,11.58623491541239,52.599729445028125,0.6441937292437722,0.000394553000205633,0.033604345058637755,0.0369041363507397,0.37993692557154624,0.0,0.0
cantho,0,0.02,B4_weighted_spatial_diversity,0.0,0.0,0.0,0.0,0.0,0.027957248531617383,0.03091882394224682,0.21212225656349193,0.8051973361946305,6.826905034155078,27.35381795434199,0.0,0.0009138669997810211,0.033604345058637755,0.0369041363507397,0.37993692557154624,0.0,0.0
cantho,0,0.02,B5_static_coverage,0.0,0.0,0.0,0.0,0.0,0.055486627121997895,0.02197887669587925,0.18447631116551913,0.8306786221535745,11.58623491541239,52.599729445028125,0.6441937292437724,0.025010820999796124,0.033604345058637755,0.0369041363507397,0.37993692557154624,0.0,0.0
cantho,0,0.02,B6_evspark_cover,0.01817948487535579,0.5409861386565809,0.010066823580960107,0.2756476716460161,0.2857142857142857,0.05133140364397386,0.06788761135620769,0.2242335441973995,0.7955127576960597,4.240506519499139,17.888730582284612,0.14035087719298245,0.01426839799978552,0.033604345058637755,0.0369041363507397,0.37993692557154624,0.27278306922791135,0.725509033456946
cantho,0,0.05,B1_random,0.005063727345292572,0.15068668460750068,0.005144007033693939,0.049991617365528276,0.019047619047619046,0.07570044228696231,0.09767056219895516,0.22580138217577989,0.7945242266419871,5.975142644184178,25.583091339315022,0.039820517549065654,0.0003674159333513671,0.033604345058637755,0.0369041363507397,0.37993692557154624,0.1393883597438755,0.13157872794365788
cantho,0,0.05,B2_poi_density,0.0,0.0,0.0,0.0,0.0,0.10054985923276191,0.12807998908560347,0.18904178261709376,0.8264870538431595,11.50091191502306,52.599729445028125,0.5527214188303237,0.0004660130002775986,0.033604345058637755,0.0369041363507397,0.37993692557154624,0.0,0.0
cantho,0,0.05,B3_temporal_rank,0.0,0.0,0.0,0.0,0.0,0.09728025847737086,0.11538823836557913,0.1865370154656306,0.8288174658284524,11.50840931434399,52.599729445028125,0.5274647194765455,0.0004458429998521751,0.033604345058637755,0.0369041363507397,0.37993692557154624,0.0,0.0
cantho,0,0.05,B4_weighted_spatial_diversity,0.009574379498326967,0.28491492637693716,0.0,0.13571110230415304,0.0,0.05294344431943449,0.06482809888657944,0.241336189228836,0.7801165856897048,3.253848136957002,11.24729699901023,0.0,0.0015535799998360744,0.033604345058637755,0.0369041363507397,0.37993692557154624,0.0,0.3571937686762093
cantho,0,0.05,B5_static_coverage,0.0,0.0,0.0,0.0,0.0,0.09728025862179451,0.11538823836557913,0.1865370154530805,0.8288174658392866,11.50840931434399,52.599729445028125,0.5274647194765455,0.03690994899989164,0.033604345058637755,0.0369041363507397,0.37993692557154624,0.0,0.0
cantho,0,0.05,B6_evspark_cover,0.01817948487535579,0.5409861386565809,0.010066823580960107,0.2756476716460161,0.2857142857142857,0.0670578404283459,0.08532299218517014,0.2585385306445073,0.7630895092911221,3.4454208942893665,13.634155601518637,0.03007518796992481,0.016003983999780758,0.033604345058637755,0.0369041363507397,0.37993692557154624,0.27278306922791135,0.725509033456946
cantho,0,0.1,B1_random,0.005678796837538569,0.168989957329309,0.005479567819725943,0.05917987308706215,0.02857142857142857,0.12626742540538666,0.16726212914994973,0.2617497294859234,0.7640470515600346,5.033079541645831,22.273776879418783,0.035368795353330894,0.0004864232333905723,0.033604345058637755,0.0369041363507397,0.37993692557154624,0.14848112871813923,0.15576236239222274
cantho,0,0.1,B2_poi_density,0.0,0.0,0.0,0.0,0.0,0.13190187378760174,0.18926746017715543,0.19137096909391713,0.8254764830211114,11.453813088846381,52.599729445028125,0.40748639193276304,0.0007449260001521907,0.033604345058637755,0.0369041363507397,0.37993692557154624,0.0,0.0
cantho,0,0.1,B3_temporal_rank,0.0,0.0,0.0,0.0,0.0,0.13169318786963438,0.1889278623081491,0.19142082396226645,0.8254412041907835,11.453882525010538,52.599729445028125,0.40666733857014253,0.0005776680000053602,0.033604345058637755,0.0369041363507397,0.37993692557154624,0.0,0.0
cantho,0,0.1,B4_weighted_spatial_diversity,0.009574379498326967,0.28491492637693716,0.0,0.13571110230415304,0.0,0.08787138745639722,0.09055825134297378,0.2800815158958253,0.7488710390946074,2.5430165037764296,9.605655394196866,0.008333333333333333,0.0023296819999814034,0.033604345058637755,0.0369041363507397,0.37993692557154624,0.0,0.3571937686762093
cantho,0,0.1,B5_static_coverage,0.01817948487535579,0.5409861386565809,0.010066823580960107,0.2756476716460161,0.2857142857142857,0.1437760735437948,0.16233544513250053,0.2192730274700585,0.8015833007112878,5.778545097234721,27.002537851771635,0.21526871290903432,0.04806312699975024,0.033604345058637755,0.0369041363507397,0.37993692557154624,0.27278306922791135,0.725509033456946
cantho,0,0.1,B6_evspark_cover,0.02971414800250828,0.884235296080275,0.0369041363507397,0.30248498441579563,0.2857142857142857,0.11013441371506984,0.13340083468736788,0.3284772238403605,0.7038382567384862,2.410048414240036,9.977060406535655,0.027359424201529467,0.016859145000125864,0.033604345058637755,0.0369041363507397,0.37993692557154624,1.0,0.7961452653246636
cantho,1,0.02,B1_random,0.06942985234178023,0.11497596460507666,0.06979286495395857,0.22814506987968516,0.2866666666666667,0.04619423874180961,0.08025583458070687,0.11423200516880137,0.8966454895536453,8.373678393968513,29.91620336022602,0.027627281732410407,0.0003040016333367627,0.6038640561117296,0.6409007859264771,0.8534234383624903,0.10889807983784415,0.26732927597751405
cantho,1,0.02,B2_poi_density,0.1339753772804161,0.2218634739465722,0.1385895275900273,0.2025149472849641,0.3,0.09930830014259659,0.2267474600402,0.10203396012421934,0.9075432764939193,10.177528446255451,41.44129009444421,0.6698002548608608,0.000300848999813752,0.6038640561117296,0.6409007859264771,0.8534234383624903,0.21624178130735824,0.23729714720929213
cantho,1,0.02,B3_temporal_rank,0.09930035201111578,0.16444156761127507,0.1385895275900273,0.2506972358074772,0.4,0.09476443976741104,0.2038462677112228,0.10216150954124938,0.9084017463393759,10.061490770100217,40.840321875252414,0.6441937292437722,0.0003980350002166233,0.6038640561117296,0.6409007859264771,0.8534234383624903,0.21624178130735824,0.29375480510413865
cantho,1,0.02,B4_weighted_spatial_diversity,0.0,0.0,0.0,0.0,0.0,0.027982708457583248,0.014761556621848741,0.1143002235123479,0.8966320031713146,11.58445802117112,23.241273886332973,0.0,0.001019795000047452,0.6038640561117296,0.6409007859264771,0.8534234383624903,0.0,0.0
cantho,1,0.02,B5_static_coverage,0.09930035201111578,0.16444156761127507,0.1385895275900273,0.2506972358074772,0.4,0.09476443944285538,0.2038462677218028,0.10216150952119925,0.9084017463489829,10.061490770100217,40.840321875252414,0.6441937292437724,0.025325099999918166,0.6038640561117296,0.6409007859264771,0.8534234383624903,0.21624178130735824,0.29375480510413865
cantho,1,0.02,B6_evspark_cover,0.09930035201111578,0.16444156761127507,0.1385895275900273,0.2506972358074772,0.4,0.09476443976741104,0.2038462677112228,0.10216150954124938,0.9084017463393759,10.061490770100217,40.840321875252414,0.6441937292437722,0.02648611599988726,0.6038640561117296,0.6409007859264771,0.8534234383624903,0.21624178130735824,0.29375480510413865
cantho,1,0.05,B1_random,0.10053906571953415,0.1664928798162015,0.11318564145401308,0.30480821138113773,0.35666666666666663,0.10502053706807855,0.1686685341095978,0.1502983148896589,0.864351395155918,6.277850447013029,22.183625809769648,0.04473964560316572,0.0005204320000151105,0.6038640561117296,0.6409007859264771,0.8534234383624903,0.1766039985274687,0.35715940959623715
cantho,1,0.05,B2_poi_density,0.1468624995572552,0.2432045724047567,0.1385895275900273,0.26694184588993497,0.4,0.15897532458613156,0.337683160536541,0.11225398668289609,0.8984042622400297,9.871595135673083,40.81002364394342,0.5571799142948917,0.0008139490000758087,0.6038640561117296,0.6409007859264771,0.8534234383624903,0.21624178130735824,0.31278944764176
cantho,1,0.05,B3_temporal_rank,0.1523956844413618,0.25236753686357,0.1385895275900273,0.26694184588993497,0.4,0.1587342426461842,0.3334889487349793,0.1097253057689657,0.9007469071098309,9.866378055615174,40.786712238816,0.5398444091988731,0.0006723870001223986,0.6038640561117296,0.6409007859264771,0.8534234383624903,0.21624178130735824,0.31278944764176
cantho,1,0.05,B4_weighted_spatial_diversity,0.005681654046294147,0.009408829667521894,0.0,0.029688525589448643,0.0,0.05176102936269916,0.02311117618013873,0.142516756696443,0.8717308372284391,7.172120496601362,12.876795771673146,0.0,0.00245346800011248,0.6038640561117296,0.6409007859264771,0.8534234383624903,0.0,0.034787567642170246
cantho,1,0.05,B5_static_coverage,0.22272393584201505,0.3688312519810017,0.21205028294324146,0.4953832943769133,0.6,0.16076996977246452,0.33620594028709805,0.1173843077866881,0.8939400693451596,9.601552622861176,40.840321875252414,0.4419696037583336,0.06875337299970852,0.6038640561117296,0.6409007859264771,0.8534234383624903,0.33086288486400367,0.5804660056295524
cantho,1,0.05,B6_evspark_cover,0.1722178364302205,0.285193057422772,0.16966477521647672,0.3175851838286623,0.4,0.16126500872926572,0.2739985197051463,0.13969743996752704,0.8737271362808405,7.732447762222716,32.96568193746696,0.3308035051493921,0.061272753000139346,0.6038640561117296,0.6409007859264771,0.8534234383624903,0.2647286115763015,0.3721308433220795
cantho,1,0.1,B1_random,0.21405365044045915,0.35447324323084733,0.24866822246085998,0.5120355089381989,0.5833333333333334,0.18542282985405675,0.2926759450168067,0.21016590595018667,0.8116319732741196,4.318479309596641,14.86885402205902,0.037135704974588735,0.0005551378666344438,0.6038640561117296,0.6409007859264771,0.8534234383624903,0.38799799894360987,0.5999782592339732
cantho,1,0.1,B2_poi_density,0.22916011081303184,0.379489569703138,0.26694184588993497,0.2952472239991018,0.4,0.2164421143729247,0.43814801061785813,0.1271994026861896,0.8864097071731871,9.44021059488916,40.07031214457149,0.3907111455620498,0.0008380100002796098,0.6038640561117296,0.6409007859264771,0.8534234383624903,0.4165104049670459,0.34595631046366454
cantho,1,0.1,B3_temporal_rank,0.22916011081303184,0.379489569703138,0.26694184588993497,0.2952472239991018,0.4,0.21624953035397457,0.4379586929611693,0.12722858106528923,0.8863833115766311,9.440280031053316,40.07031214457149,0.39001654833646254,0.0006210110000210989,0.6038640561117296,0.6409007859264771,0.8534234383624903,0.4165104049670459,0.34595631046366454
cantho,1,0.1,B4_weighted_spatial_diversity,0.10902176582777075,0.18054024697174403,0.115820736443553,0.24831127408388445,0.3,0.09741711084617014,0.06782613985794442,0.2092133310841657,0.8126981254454724,3.7111775659122026,10.22581228160801,0.006535947712418301,0.00255724500038923,0.6038640561117296,0.6409007859264771,0.8534234383624903,0.18071554753381083,0.2909590514180542
cantho,1,0.1,B5_static_coverage,0.26842288051482643,0.4445087893510285,0.2444069795565366,0.6237335562993612,0.7,0.23427161758193343,0.4110104748769285,0.1720201280322309,0.8450064452177177,7.103843136319094,32.96568193746696,0.18944777469649293,0.05737733100022524,0.6038640561117296,0.6409007859264771,0.8534234383624903,0.38134916499318267,0.7308605883805493
cantho,1,0.1,B6_evspark_cover,0.30081076721781114,0.4981431899668389,0.275482227182986,0.6394391680843726,0.7,0.24267219210595758,0.3616617267131013,0.21732421291227033,0.8037054499705136,3.2297456295707194,10.61293994517208,0.1069728285846126,0.04872694900041097,0.6038640561117296,0.6409007859264771,0.8534234383624903,0.4298359952621259,0.7492636589771885
cantho,2,0.02,B1_random,0.0,,0.0,0.0,0.0,0.039241635852304536,0.06709758722003843,0.25704930259558795,0.7677139016298994,3.469609159555792,12.853702288041408,0.03791076056840025,0.0003726996666349199,0.0,0.0,0.0,,
cantho,2,0.02,B2_poi_density,0.0,,0.0,0.0,0.0,0.06468248129260869,0.0507799227341505,0.23881699633190492,0.7833427354257068,3.6682754939468847,13.634155601518637,0.6138837334084927,0.0006025739999131474,0.0,0.0,0.0,,
cantho,2,0.02,B3_temporal_rank,0.0,,0.0,0.0,0.0,0.05548662727691907,0.025846127784599614,0.23912309125238904,0.7834893728729466,3.683733916435556,13.634155601518637,0.6441937292437722,0.0005937190003351134,0.0,0.0,0.0,,
cantho,2,0.02,B4_weighted_spatial_diversity,0.0,,0.0,0.0,0.0,0.027957248531617383,0.036359086219475,0.26545521384206616,0.7591600598814425,2.663776134118009,9.55419728960388,0.0,0.0009745560000737896,0.0,0.0,0.0,,
cantho,2,0.02,B5_static_coverage,0.0,,0.0,0.0,0.0,0.055486627121997895,0.02584612772741226,0.23912309124339848,0.7834893728792687,3.683733916435556,13.634155601518637,0.6441937292437724,0.025394290999884106,0.0,0.0,0.0,,
cantho,2,0.02,B6_evspark_cover,0.0,,0.0,0.0,0.0,0.039190988987646495,0.050213926798575545,0.2685095029429326,0.7569647230281806,2.809705097289125,10.603309373085052,0.14035087719298245,0.01671084100007647,0.0,0.0,0.0,,
cantho,2,0.05,B1_random,0.0,,0.0,0.0,0.0,0.05756998782935423,0.08309476055644908,0.2737600911282806,0.7535847318353389,3.328874884148666,12.374087997729799,0.029087087138169054,0.0003947288333317071,0.0,0.0,0.0,,
cantho,2,0.05,B2_poi_density,0.0,,0.0,0.0,0.0,0.10054985923276191,0.15061605754641347,0.2444970714443085,0.7787425299966688,3.5984109160462268,13.634155601518637,0.5527214188303237,0.000588205999974889,0.0,0.0,0.0,,
cantho,2,0.05,B3_temporal_rank,0.0,,0.0,0.0,0.0,0.09728025847737086,0.13569115420702998,0.2420136805844312,0.781021035708519,3.6059083153671567,13.634155601518637,0.5274647194765455,0.0004484979999688221,0.0,0.0,0.0,,
cantho,2,0.05,B4_weighted_spatial_diversity,0.0,,0.0,0.0,0.0,0.045637897182512106,0.04983566438160517,0.2800119898148165,0.7471585951540711,2.3758920072666574,8.972349490940026,0.0,0.0013936679997641477,0.0,0.0,0.0,,
cantho,2,0.05,B5_static_coverage,0.0,,0.0,0.0,0.0,0.09728025862179451,0.13569115420702998,0.24201368057568476,0.7810210357156471,3.6059083153671567,13.634155601518637,0.5274647194765455,0.041744708999885916,0.0,0.0,0.0,,
cantho,2,0.05,B6_evspark_cover,0.0,,0.0,0.0,0.0,0.06398670321708577,0.07279935695791007,0.3005077066724978,0.7287276540348848,2.2133619887002336,8.297710504918504,0.03721804511278195,0.015428440000050614,0.0,0.0,0.0,,
cantho,2,0.1,B1_random,0.0,,0.0,0.0,0.0,0.11913738435094506,0.1876643291121881,0.3037156512622564,0.7274172933764775,2.8066566913879853,11.144217605826025,0.038796407230558445,0.0005926186666329158,0.0,0.0,0.0,,
cantho,2,0.1,B2_poi_density,0.0,,0.0,0.0,0.0,0.13190187378760174,0.22256965258369305,0.2476549703240009,0.776703443947949,3.5513120898695476,13.634155601518637,0.40748639193276304,0.0007134640000003856,0.0,0.0,0.0,,
cantho,2,0.1,B3_temporal_rank,0.0,,0.0,0.0,0.0,0.13169318786963438,0.22217030142395244,0.24769875850677023,0.7766691303203652,3.551381526033704,13.634155601518637,0.40666733857014253,0.0005826459996569611,0.0,0.0,0.0,,
cantho,2,0.1,B4_weighted_spatial_diversity,0.0,,0.0,0.0,0.0,0.08056584031947484,0.08009311639044427,0.321560731920339,0.7126330874315521,2.057894224790036,7.126600083626054,0.008333333333333333,0.002382155999839597,0.0,0.0,0.0,,
cantho,2,0.1,B5_static_coverage,0.0,,0.0,0.0,0.0,0.13394897540709938,0.1580255338146607,0.25833751339867894,0.7681092360065631,3.5190328464907616,13.634155601518637,0.21526871290903432,0.0502953389996037,0.0,0.0,0.0,,
cantho,2,0.1,B6_evspark_cover,0.0,,0.0,0.0,0.0,0.10996436120800895,0.18226751326319993,0.35805375906486525,0.6790048393841506,1.9895389027496926,8.297710504918504,0.033609424201529466,0.017906053999922733,0.0,0.0,0.0,,
danang,0,0.02,B1_random,0.07920504323823738,0.11310556395596025,0.09272221889890582,0.23461728616574956,0.2608695652173913,0.050647220833163024,0.06856225529731218,0.10076543840970255,0.90859958997935,6.578284724730505,23.040228012877268,0.03021756528911804,0.0003984100332521242,0.7002753928982426,0.7754220885485293,0.8445892264483288,0.1195764478059524,0.27778863241289903
danang,0,0.02,B2_poi_density,0.05697193695136012,0.0813564742230472,0.07034409894528447,0.18161101776336613,0.21739130434782608,0.07180559682384605,0.22128704686754674,0.08646083941672404,0.922099334690087,7.6632874310402235,23.356528626471526,0.6750904799430308,0.0009483320000072126,0.7002753928982426,0.7754220885485293,0.8445892264483288,0.09071717195593149,0.21502881173026298
danang,0,0.02,B3_temporal_rank,0.03955623349693449,0.056486682094057855,0.028506504868133362,0.16082970108830252,0.17391304347826086,0.1510390253093212,0.21121494830308749,0.0963963071065678,0.9132667132160794,5.569770219218029,23.356528626471526,0.30489800818104684,0.0009558629999446566,0.7002753928982426,0.7754220885485293,0.8445892264483288,0.03676256491673219,0.1904235763989371
danang,0,0.02,B4_weighted_spatial_diversity,0.002779198663125014,0.00396872243593009,0.004544525888031747,0.004544525888031747,0.0,0.008880775563342309,0.0019110771326823867,0.08898401774746714,0.9199031682052301,10.446523930004517,17.213220489582213,0.0,0.0026728570001068874,0.7002753928982426,0.7754220885485293,0.8445892264483288,0.0058607124495749134,0.005380752850876884
danang,0,0.02,B5_static_coverage,0.050310011785007214,0.0718431809759704,0.06007898700087453,0.10530181761756856,0.13043478260869565,0.13500631008674296,0.27360045492098384,0.09671143138369055,0.9129925330460389,5.586315866615342,23.356528626471526,0.33534492642601776,0.07335115099976974,0.7002753928982426,0.7754220885485293,0.8445892264483288,0.0774790760904595,0.1246781444991719
danang,0,0.02,B6_evspark_cover,0.05630252810301196,0.08040055194570189,0.04406940362060577,0.19700562487522427,0.21739130434782608,0.1409670808168933,0.19497279085664232,0.09712576317205207,0.9119638194501387,5.408172108421796,23.356528626471526,0.25033459319241075,0.08189721899998403,0.7002753928982426,0.7754220885485293,0.8445892264483288,0.056832793740886206,0.23325614240152387
danang,0,0.05,B1_random,0.1559844198791711,0.22274725266811893,0.17739865377647582,0.4162839178834148,0.4434782608695652,0.1148959309854813,0.15614973104968974,0.1385264654438959,0.8747221168974391,4.896458907114961,22.56249818706674,0.022485937725238034,0.00046286706665341624,0.7002753928982426,0.7754220885485293,0.8445892264483288,0.22877688989816986,0.4928832914835703
danang,0,0.05,B2_poi_density,0.10853695458719848,0.15499181563126843,0.13326187875368928,0.2441722237883765,0.30434782608695654,0.12463507189324767,0.30014312220917866,0.09552773935893627,0.9142907157544773,7.337862720860505,23.356528626471526,0.4148817800251098,0.0007532289996561303,0.7002753928982426,0.7754220885485293,0.8445892264483288,0.1718572126351662,0.28910175046296865
danang,0,0.05,B3_temporal_rank,0.07943371708441141,0.11343211240888763,0.06670045992072536,0.2645345235970738,0.34782608695652173,0.20576860600501853,0.32964872669190776,0.10908021835975015,0.9019330272961763,5.126921315765513,23.356528626471526,0.2611800297436441,0.0009436089999326214,0.7002753928982426,0.7754220885485293,0.8445892264483288,0.08601826141628019,0.31321086667124065
danang,0,0.05,B4_weighted_spatial_diversity,0.014879727932601502,0.021248394679439613,0.01480963779983414,0.1318661490293925,0.17391304347826086,0.03699194482111696,0.0655552865039054,0.12076857934025903,0.8914094748130019,6.738303957492654,14.935335334241113,0.00641025641025641,0.0030916690002413816,0.7002753928982426,0.7754220885485293,0.8445892264483288,0.01909880827299555,0.15613051279841297
danang,0,0.05,B5_static_coverage,0.10036502877409331,0.14332222692948088,0.11983702948301451,0.28731400891913667,0.34782608695652173,0.20047625448244732,0.38119060889588086,0.11364176672443389,0.8978815119657986,5.1916500393031795,23.356528626471526,0.22321410989398105,0.0725728719999097,0.7002753928982426,0.7754220885485293,0.8445892264483288,0.154544255641893,0.3401819487176637
danang,0,0.05,B6_evspark_cover,0.15622515303237966,0.22309102192754163,0.16117792055430283,0.35756647369529243,0.30434782608695654,0.21831064756812227,0.2779324829609045,0.12284056803611766,0.8896741274637567,4.562528108008098,23.356528626471526,0.13285714673961388,0.1006505800000923,0.7002753928982426,0.7754220885485293,0.8445892264483288,0.2078583044442325,0.4233613956916464
danang,0,0.1,B1_random,0.2707078266288102,0.38657338152127085,0.326116286653311,0.6482010335076064,0.6971014492753622,0.19615942256484803,0.23784669238304798,0.19058024079526018,0.8287025791287885,4.088930257066632,22.10105629509231,0.025076863793281546,0.0006462037999729849,0.7002753928982426,0.7754220885485293,0.8445892264483288,0.4205661554776579,0.7674749016553585
danang,0,0.1,B2_poi_density,0.20067464530345747,0.28656532464024137,0.22241033455126563,0.41363496347308126,0.4782608695652174,0.2889202307303157,0.49985846797759864,0.12515433074662413,0.8878263336116969,4.765831147235868,23.356528626471526,0.21010152405386567,0.0006861229999231,0.7002753928982426,0.7754220885485293,0.8445892264483288,0.2868248633045565,0.4897469095272518
danang,0,0.1,B3_temporal_rank,0.22889633805068776,0.32686617346834124,0.2834068672476261,0.3929026773387888,0.43478260869565216,0.2881053628874922,0.47596170202218296,0.12826872954027863,0.8850070203805076,4.721384483375844,23.356528626471526,0.1829812623292624,0.0010447390000081214,0.7002753928982426,0.7754220885485293,0.8445892264483288,0.3654872248714504,0.4651997267251742
danang,0,0.1,B4_weighted_spatial_diversity,0.02994968927884586,0.04276844450422931,0.031339435319086825,0.16092932450743602,0.17391304347826086,0.070680017763897,0.07339277959981,0.17981535379792526,0.8380038242188237,4.80985282113174,8.388358437077228,0.0015384615384615385,0.005708173000130046,0.7002753928982426,0.7754220885485293,0.8445892264483288,0.04041596929196255,0.19054153127689882
danang,0,0.1,B5_static_coverage,0.32919817844386373,0.4700981667817931,0.34978205081852787,0.5645076809887954,0.6086956521739131,0.2957779794094994,0.4803727664258057,0.16708693810963587,0.850868242432316,4.13502050249184,23.356528626471526,0.10636936318721306,0.12232554499996695,0.7002753928982426,0.7754220885485293,0.8445892264483288,0.4510860033317673,0.6683813424458019
danang,0,0.1,B6_evspark_cover,0.30820561716282524,0.4401205872553211,0.37239912329020614,0.5636851811971463,0.5652173913043478,0.31534169633005055,0.35330892476176184,0.1760694436191259,0.8428101587121948,3.9675543240254343,23.356528626471526,0.06502623935903577,0.12406269799976144,0.7002753928982426,0.7754220885485293,0.8445892264483288,0.48025343717933017,0.6674074965028364
danang,1,0.02,B1_random,0.0006770018981297784,0.025538881689988444,0.0010335161900377006,0.002716453253120333,0.006666666666666667,0.023981449984010774,0.013174005724783255,0.2050491109339752,0.8170506764933335,7.622941201567989,35.306816540092136,0.020108587234810328,0.00047376676664801686,0.026508674355744073,0.03842973597497866,0.09795544860952322,0.02689365835639922,0.02773151766114458
danang,1,0.02,B2_poi_density,0.0,0.0,0.0,0.0,0.0,0.035649711095141375,0.0,0.19568651296436534,0.8253415183133035,8.329821370565021,37.46810858552745,0.6875688998889127,0.0007434550002471951,0.026508674355744073,0.03842973597497866,0.09795544860952321,0.0,0.0
danang,1,0.02,B3_temporal_rank,0.0,0.0,0.0,0.0,0.0,0.09220394444436518,0.04289697448358548,0.20481244947632476,0.8174326733144845,8.20757673225207,37.46810858552745,0.31805064721202303,0.0009185459998661827,0.026508674355744073,0.03842973597497866,0.09795544860952321,0.0,0.0
danang,1,0.02,B4_weighted_spatial_diversity,0.0,0.0,0.0,0.0,0.0,0.00488048543770011,0.003251952205756259,0.20936244418913416,0.8132330455874484,5.9322379251609805,28.651220545148153,0.0,0.00149635700017825,0.026508674355744073,0.03842973597497866,0.09795544860952321,0.0,0.0
danang,1,0.02,B5_static_coverage,0.0,0.0,0.0,0.0,0.0,0.0827547551096965,0.032331324164650184,0.20215350055597867,0.8196950246055534,8.221044173393496,37.46810858552745,0.29599050035188285,0.03311083000016879,0.026508674355744073,0.03842973597497866,0.09795544860952321,0.0,0.0
danang,1,0.02,B6_evspark_cover,0.006254178770602357,0.23592951826529798,0.007424250273847642,0.019186201004722653,0.0,0.06532815676704663,0.08461598347905758,0.21764103384208483,0.8055896197234069,3.944645771635854,28.021521196593973,0.08013245033112583,0.02466761100004078,0.026508674355744073,0.03842973597497866,0.09795544860952321,0.19319024930802337,0.19586660341074047
danang,1,0.05,B1_random,0.00011924639064678715,0.004498391320762069,0.0,0.003184250793577969,0.006666666666666667,0.05594572249176018,0.030796857412832074,0.2176549671486408,0.8059019410834849,6.8858331490759745,32.01216603241515,0.029649008251357262,0.0005368401333271322,0.026508674355744073,0.03842973597497866,0.09795544860952322,0.0,0.0325071329750247
danang,1,0.05,B2_poi_density,0.0,0.0,0.0,0.0,0.0,0.056477135107054564,0.0002924879806181241,0.19603381301445647,0.8249691269574595,8.313667495894746,37.46810858552745,0.402830802828843,0.0006193840004016238,0.026508674355744073,0.03842973597497866,0.09795544860952321,0.0,0.0
danang,1,0.05,B3_temporal_rank,0.0,0.0,0.0,0.0,0.0,0.12563181085350986,0.08580000442283384,0.20749843654231784,0.8149518883213211,8.164885099377916,37.46810858552745,0.2567025805469411,0.0008088930003395944,0.026508674355744073,0.03842973597497866,0.09795544860952321,0.0,0.0
danang,1,0.05,B4_weighted_spatial_diversity,0.0061986174118507185,0.23383354930034672,0.007424250273847642,0.01646185101591321,0.0,0.02065196145802108,0.022540328345672742,0.24488574313133393,0.7812848157387808,3.3180628419402503,12.502143112800175,0.0,0.0025579260000085924,0.026508674355744073,0.03842973597497866,0.09795544860952321,0.19319024930802337,0.16805447016566258
danang,1,0.05,B5_static_coverage,0.0,0.0,0.0,0.0,0.0,0.11748056484235908,0.08613502723802761,0.20475286345523325,0.8173072529391472,8.175942614258972,37.46810858552745,0.2560903971803706,0.054524357999980566,0.026508674355744073,0.03842973597497866,0.09795544860952321,0.0,0.0
danang,1,0.05,B6_evspark_cover,0.006254178770602357,0.23592951826529798,0.007424250273847642,0.019186201004722653,0.0,0.1070587968731675,0.1587817191959961,0.24553631772505005,0.780772216989212,3.2584039450323807,14.891503355212258,0.050899159034742666,0.02542067500007761,0.026508674355744073,0.03842973597497866,0.09795544860952321,0.19319024930802337,0.19586660341074047
danang,1,0.1,B1_random,0.0022832519865133138,0.08613225828920276,0.002518366244807229,0.019018261629495794,0.03333333333333333,0.09984347507693235,0.06293610753190876,0.23613756481093132,0.7894604413470272,5.0760464119043975,28.078784392148215,0.02327979692817313,0.000596827166661266,0.026508674355744073,0.03842973597497866,0.09795544860952322,0.06553170821800389,0.19415215691888368
danang,1,0.1,B2_poi_density,0.0,0.0,0.0,0.0,0.0,0.15682458478732983,0.09044755415420193,0.20759409155597205,0.8146870864159439,8.115060155826788,37.46810858552745,0.2119847144568366,0.0008556830002817151,0.026508674355744073,0.03842973597497866,0.09795544860952321,0.0,0.0
danang,1,0.1,B3_temporal_rank,0.0,0.0,0.0,0.0,0.0,0.15281470114301143,0.09251656153088315,0.2065103138661841,0.8155659114383338,8.120454015312182,37.46810858552745,0.18494973165525258,0.000992866000160575,0.026508674355744073,0.03842973597497866,0.09795544860952321,0.0,0.0
danang,1,0.1,B4_weighted_spatial_diversity,0.006254178770602357,0.23592951826529798,0.007424250273847642,0.019186201004722653,0.0,0.0446592618289236,0.0413023369452116,0.2888198018820988,0.7422465736131276,2.981414363176845,10.994846095022979,0.0021645021645021645,0.005153164000148536,0.026508674355744073,0.03842973597497866,0.09795544860952321,0.19319024930802337,0.19586660341074047
danang,1,0.1,B5_static_coverage,0.0,0.0,0.0,0.0,0.0,0.1561874937975818,0.14688348069160587,0.21529125529878726,0.8080116258455021,8.110692582000318,37.46810858552745,0.11419993607092757,0.12169893400005094,0.026508674355744073,0.03842973597497866,0.09795544860952321,0.0,0.0
danang,1,0.1,B6_evspark_cover,0.024719978496042266,0.9325241301885691,0.03842973597497866,0.05019168670585367,0.1,0.1408758101654654,0.19659433359332715,0.29360564784100257,0.7377428085802156,2.8272311617905963,12.401491376026803,0.037781196452672666,0.02920453200022166,0.026508674355744073,0.03842973597497866,0.09795544860952321,1.0,0.5123930053746295
danang,2,0.02,B1_random,0.0,,0.0,0.0,0.0,0.0222593997762403,0.013453274440986563,0.24712334449480797,0.7797653618334048,5.05040568173223,39.0986344760266,0.028447452927492945,0.00048441170001751744,0.0,0.0,0.0,,
danang,2,0.02,B2_poi_density,0.0,,0.0,0.0,0.0,0.035649711095141375,0.0,0.23894856025527972,0.7868051236218667,5.129884487261073,39.46623065961536,0.6875688998889127,0.0003565689999049937,0.0,0.0,0.0,,
danang,2,0.02,B3_temporal_rank,0.0,,0.0,0.0,0.0,0.09220394444436518,0.047427830391562155,0.24779225789183984,0.7790725514757,5.007639848956837,39.46623065961536,0.31805064721202303,0.0009254259998670022,0.0,0.0,0.0,,
danang,2,0.02,B4_weighted_spatial_diversity,0.0,,0.0,0.0,0.0,0.00488048543770011,0.003595429270078045,0.25196240534359277,0.7755034058148074,3.2791691236657377,18.842111084418864,0.0,0.002202309000040259,0.0,0.0,0.0,,
danang,2,0.02,B5_static_coverage,0.0,,0.0,0.0,0.0,0.0827547551096965,0.03574621700657235,0.24526292022188403,0.781155690737271,5.021107290096158,39.46623065961536,0.29599050035188285,0.03365941299989572,0.0,0.0,0.0,,
danang,2,0.02,B6_evspark_cover,0.0,,0.0,0.0,0.0,0.07595838728436016,0.09799851769311435,0.25369142772433106,0.7740393417774725,4.905451742332683,39.46623065961536,0.2396711408073163,0.024381375999837474,0.0,0.0,0.0,,
danang,2,0.05,B1_random,0.0,,0.0,0.0,0.0,0.04575469523733737,0.026497341696174195,0.25738900021064387,0.7705572761092859,4.949627668052498,38.83500071559808,0.02760131920799551,0.000443693866676161,0.0,0.0,0.0,,
danang,2,0.05,B2_poi_density,0.0,,0.0,0.0,0.0,0.056477135107054564,0.00032338108930351367,0.23953332376498093,0.786155892260838,5.113730612590798,39.46623065961536,0.402830802828843,0.0007369289996859152,0.0,0.0,0.0,,
danang,2,0.05,B3_temporal_rank,0.0,,0.0,0.0,0.0,0.12563181085350986,0.09486235582694916,0.25082163852473083,0.7761409575642513,4.965035016343794,39.46623065961536,0.2567025805469411,0.0007876079998823116,0.0,0.0,0.0,,
danang,2,0.05,B4_weighted_spatial_diversity,0.0,,0.0,0.0,0.0,0.01620978782646733,0.017774992239954067,0.2780948283454343,0.7521111378237104,3.0895800325313796,16.594981180144618,0.0,0.0024769889996605343,0.0,0.0,0.0,,
danang,2,0.05,B5_static_coverage,0.0,,0.0,0.0,0.0,0.11748056484235908,0.09523276435686528,0.24814760464184976,0.7784071747968866,4.976005730967968,39.46623065961536,0.2560903971803706,0.05367371800002729,0.0,0.0,0.0,,
danang,2,0.05,B6_evspark_cover,0.0,,0.0,0.0,0.0,0.1031573316887869,0.17538902608237292,0.29012569252652654,0.7415889156806963,3.7254285041930317,26.790519487767842,0.05196867775132021,0.0352891349998572,0.0,0.0,0.0,,
danang,2,0.1,B1_random,0.0,,0.0,0.0,0.0,0.09748004629989017,0.07718801255517929,0.27752618904702187,0.7524334397681434,4.7036997560924805,37.858307203412416,0.023196157750567152,0.0007719552332825212,0.0,0.0,0.0,,
danang,2,0.1,B2_poi_density,0.0,,0.0,0.0,0.0,0.15682458478732983,0.10000078815345323,0.2512632910428155,0.7755246608840134,4.915210072792667,39.46623065961536,0.2119847144568366,0.0008792690000518633,0.0,0.0,0.0,,
danang,2,0.1,B3_temporal_rank,0.0,,0.0,0.0,0.0,0.15281470114301143,0.10228832782545685,0.2502212982152743,0.7763968727367268,4.920603932278061,39.46623065961536,0.18494973165525258,0.0011690770002132922,0.0,0.0,0.0,,
danang,2,0.1,B4_weighted_spatial_diversity,0.0,,0.0,0.0,0.0,0.0401506678236537,0.03669610516079566,0.3216954464947606,0.7130896033908836,2.9922470176323914,16.594981180144618,0.0021645021645021645,0.00884518799966827,0.0,0.0,0.0,,
danang,2,0.1,B5_static_coverage,0.0,,0.0,0.0,0.0,0.1561874937975818,0.16239757916329167,0.25888028825454906,0.7688843095417082,4.9107556987093135,39.46623065961536,0.11419993607092757,0.15577894599982756,0.0,0.0,0.0,,
danang,2,0.1,B6_evspark_cover,0.0,,0.0,0.0,0.0,0.12816971388630663,0.2097006860918538,0.3207020895496519,0.7141327744748598,3.650110361347899,26.790519487767842,0.042483434696482573,0.0544520379999085,0.0,0.0,0.0,,
haiphong,0,0.02,B1_random,0.027867567024405664,0.0738909167011059,0.03175205230285779,0.09504938011957727,0.075,0.034650575754963206,0.04725702811986511,0.14118151245232433,0.8733743961101585,6.502107721391172,15.880669183939569,0.026874954051338166,0.00037071329992007424,0.37714469204830664,0.4669746905786318,0.6096556832989133,0.06799523174053307,0.1559066580094107
haiphong,0,0.02,B2_poi_density,0.021801070987105885,0.05780558880121662,0.0,0.1092802460578954,0.1,0.03856162598997338,0.16219789936225484,0.14711003590755986,0.8677448905681324,6.0859423908134005,15.707976095525355,0.25403808968066,0.0006854829998701462,0.37714469204830664,0.4669746905786318,0.6096556832989133,0.0,0.17924912217100655
haiphong,0,0.02,B3_temporal_rank,0.09546127198880247,0.25311577758218934,0.09279037333876725,0.14027932848884372,0.1,0.11194453999958248,0.07676695318717731,0.14054448999666153,0.8739458601983647,6.3960929838765175,19.179451465821845,0.2715545502229216,0.0005169959999875573,0.37714469204830664,0.4669746905786318,0.6096556832989133,0.1987053585790485,0.23009599078905818
haiphong,0,0.02,B4_weighted_spatial_diversity,0.0,0.0,0.0,0.0,0.0,0.013273710920402141,0.007240645211995292,0.1423856707228858,0.8728171021417788,7.668763896581213,20.288952084802442,0.0,0.0013513330000023416,0.37714469204830664,0.4669746905786318,0.6096556832989133,0.0,0.0
haiphong,0,0.02,B5_static_coverage,0.022529760801925165,0.059737711485647625,0.0,0.11315449495181243,0.1,0.04079933373759511,0.16145610641307295,0.14779565576649684,0.8670516773727155,6.084152527896421,15.707976095525355,0.24548443597853456,0.03124121200016816,0.37714469204830664,0.4669746905786318,0.6096556832989133,0.0,0.18560393686403634
haiphong,0,0.02,B6_evspark_cover,0.09546127198880247,0.25311577758218934,0.09279037333876725,0.14027932848884372,0.1,0.11194453999958248,0.07676695318717731,0.14054448999666153,0.8739458601983647,6.3960929838765175,19.179451465821845,0.2715545502229216,0.041850033000173426,0.37714469204830664,0.4669746905786318,0.6096556832989133,0.1987053585790485,0.23009599078905818
haiphong,0,0.05,B1_random,0.08306093485164244,0.22023625574718037,0.09542000010075087,0.24356181966982104,0.19499999999999998,0.08882681518659691,0.09880950068032762,0.17280938178509808,0.8450798132520896,4.997942875682001,13.93291681319979,0.030036112308158867,0.000402548133433811,0.37714469204830664,0.4669746905786318,0.6096556832989133,0.204336556190048,0.39950717485627546
haiphong,0,0.05,B2_poi_density,0.07578773847144837,0.20095135917156456,0.08051784641186698,0.15718658188297385,0.15,0.0803450472266535,0.2411148319162626,0.1591593322168448,0.8577642098067224,5.743665127173331,15.01263499483031,0.2948428758617245,0.00032366699997510295,0.37714469204830664,0.4669746905786318,0.6096556832989133,0.17242443335011737,0.2578284533204384
haiphong,0,0.05,B3_temporal_rank,0.1215517721606433,0.3222947975231594,0.11958059967680523,0.1853221245087256,0.15,0.17633293721305715,0.15138132680474262,0.15808205815222054,0.8587919276075615,5.984530878477062,17.897174291708527,0.2366431356667135,0.00043183499974475126,0.37714469204830664,0.4669746905786318,0.6096556832989133,0.2560751194644661,0.30397834316236894
haiphong,0,0.05,B4_weighted_spatial_diversity,0.00042127878769987454,0.0011170216539754853,0.0,0.010746296390912936,0.0,0.021635897583241834,0.012918235362174188,0.15987945768698114,0.8571638678483451,6.699096171504501,14.837692518530252,0.0,0.0015237030002026586,0.37714469204830664,0.4669746905786318,0.6096556832989133,0.0,0.0176268288565171
haiphong,0,0.05,B5_static_coverage,0.06892542331499901,0.18275591508568995,0.08998042814058578,0.16764884995320378,0.15,0.13236507959783078,0.2504306262240188,0.16881632200293717,0.8490757791708106,5.142238863409459,14.64398082174852,0.1781704137220598,0.03549485600024127,0.37714469204830664,0.4669746905786318,0.6096556832989133,0.1926880191924114,0.27498939900967967
haiphong,0,0.05,B6_evspark_cover,0.1188622913002749,0.31516363296729205,0.10191308624280032,0.2076617338443473,0.2,0.1728503568915838,0.16464645347203186,0.16187880449898678,0.8550674335912816,5.890533233244485,18.024457178772646,0.22690585142998534,0.03544039899998097,0.37714469204830664,0.4669746905786318,0.6096556832989133,0.21824113447458804,0.34062133681862367
haiphong,0,0.1,B1_random,0.13034390063917264,0.34560714597695447,0.15042449588087178,0.36399541753272013,0.2866666666666667,0.1508506435953056,0.16738512148640783,0.2199866933968017,0.8034650832086608,3.3934357764499143,10.130766770809078,0.02761335392733705,0.0005513573333246313,0.37714469204830664,0.4669746905786318,0.6096556832989133,0.32212558606651615,0.5970508067161799
haiphong,0,0.1,B2_poi_density,0.12189303604243874,0.32319965947399854,0.14684184787029744,0.20958282747561796,0.15,0.1441279322942387,0.3348806448960148,0.1776371890223066,0.8414492216264009,5.279055450794934,15.01263499483031,0.25424695372225786,0.000749318999623938,0.37714469204830664,0.4669746905786318,0.6096556832989133,0.3144535471255297,0.34377244929718764
haiphong,0,0.1,B3_temporal_rank,0.12678475652673116,0.33617006735041605,0.12729333044144148,0.22095593340690378,0.2,0.2402928719966464,0.2240238875641945,0.1712548989759544,0.847067427987906,5.642780986028856,17.261399096245814,0.21325988828844883,0.0005610709999928076,0.37714469204830664,0.4669746905786318,0.6096556832989133,0.27259149801825744,0.36242741511288334
haiphong,0,0.1,B4_weighted_spatial_diversity,0.0015252029117587673,0.004044078954088558,0.001290719230670489,0.02138153779648762,0.0,0.046803548897722584,0.024531775528644433,0.21099892647812576,0.8113687891075154,4.330722053648035,8.585534344549954,0.0,0.002732387000378367,0.37714469204830664,0.4669746905786318,0.6096556832989133,0.002764002539561939,0.03507149753905318
haiphong,0,0.1,B5_static_coverage,0.11978878282650826,0.31762022733483175,0.17009769413910408,0.24705137068218214,0.2,0.21259373261737008,0.3391308405914156,0.19408910709866303,0.8269191958850992,4.574265344460473,11.910883042488804,0.12975554503022604,0.054052725000019564,0.37714469204830664,0.4669746905786318,0.6096556832989133,0.364254632147911,0.40523098110946865
haiphong,0,0.1,B6_evspark_cover,0.18338748882351866,0.4862523394602871,0.16233424974485788,0.46913980468846295,0.4,0.25699366965337356,0.24706052962907293,0.19986895282353664,0.821578862369432,4.599620488672885,12.903699158837739,0.12020306625856701,0.05297923699981766,0.37714469204830664,0.4669746905786318,0.6096556832989133,0.34762965321248634,0.7695160031148999
haiphong,1,0.02,B1_random,0.016621895723208366,0.10732305956286248,0.018409929404773654,0.02115112217755172,0.019047619047619046,0.022418276364073016,0.010465250073662603,0.26766641988186524,0.7605897253084148,3.953126473307699,15.059669635319315,0.04208463251556309,0.0003711061333736628,0.1548772071063852,0.17889771595931192,0.21487473313393338,0.10290757098855732,0.09843466409039371
haiphong,1,0.02,B2_poi_density,0.0,0.0,0.0,0.0,0.0,0.01693566166712681,0.171702878550584,0.27130704904404707,0.7573303725206193,4.359728247657084,18.195400664653324,0.25403808968066,0.0005584040000030654,0.1548772071063852,0.17889771595931192,0.21487473313393335,0.0,0.0
haiphong,1,0.02,B3_temporal_rank,0.0,0.0,0.0,0.0,0.0,0.03753957775228825,0.0,0.25829941299108505,0.7689770334260932,4.366902195493185,18.195400664653324,0.2910253441628866,0.00032001899990063976,0.1548772071063852,0.17889771595931192,0.21487473313393335,0.0,0.0
haiphong,1,0.02,B4_weighted_spatial_diversity,0.0,0.0,0.0,0.0,0.0,0.01327371091979423,0.012451148348715389,0.2808514919999763,0.7487744146440427,2.918598011692681,16.022108692348166,0.0,0.0009644859997024469,0.1548772071063852,0.17889771595931192,0.21487473313393335,0.0,0.0
haiphong,1,0.02,B5_static_coverage,0.0,0.0,0.0,0.0,0.0,0.014816883019210511,0.1685905249876665,0.2704937156860121,0.7579328206626799,4.365300952132871,18.195400664653324,0.24548443597853456,0.020399872999860236,0.1548772071063852,0.17889771595931192,0.21487473313393335,0.0,0.0
haiphong,1,0.02,B6_evspark_cover,0.030870820891347586,0.19932449369481728,0.03411955431648427,0.03411955431648427,0.0,0.031846095395175564,0.03601982635297163,0.28703121878089627,0.7431261618009612,1.9920448853106176,7.002864753643548,0.15476190476190477,0.012414504999924247,0.1548772071063852,0.17889771595931192,0.21487473313393335,0.1907210169426889,0.15878811723860176
haiphong,1,0.05,B1_random,0.012144084560825665,0.07841105084290349,0.014984985317478819,0.028347859860983274,0.023809523809523805,0.04106476833718113,0.0595559196737521,0.28430176699109583,0.7460503166872526,3.306340874871353,11.155792684711802,0.03026290210988236,0.0003831932666647238,0.1548772071063852,0.17889771595931192,0.21487473313393338,0.08376286548502927,0.1319273766977237
haiphong,1,0.05,B2_poi_density,0.0,0.0,0.0,0.0,0.0,0.02549809471685427,0.2172932628963875,0.2724276571795367,0.7568490852585898,4.331619367952049,18.195400664653324,0.29183034185324697,0.0005082859997855849,0.1548772071063852,0.17889771595931192,0.21487473313393335,0.0,0.0
haiphong,1,0.05,B3_temporal_rank,0.0,0.0,0.0,0.0,0.0,0.06136367312534217,0.004676208155540039,0.2595206516205413,0.7681491243437906,4.325332940457054,18.195400664653324,0.22216068525651297,0.0003899929997714935,0.1548772071063852,0.17889771595931192,0.21487473313393335,0.0,0.0
haiphong,1,0.05,B4_weighted_spatial_diversity,0.10468778872321662,0.6759405769197953,0.10470236777938266,0.1092694022913867,0.14285714285714285,0.02339425800434922,0.01981448726308796,0.2929225231922819,0.7380559253991148,2.0987492776924284,8.053425368117914,0.0,0.001580521000050794,0.1548772071063852,0.17889771595931192,0.21487473313393335,0.5852638599544553,0.5085260639894691
haiphong,1,0.05,B5_static_coverage,0.0,0.0,0.0,0.0,0.0,0.03929603743043773,0.21694164611916109,0.27398496260403155,0.7555656452082011,4.297637187198269,18.195400664653324,0.1978262462140769,0.025245385999824066,0.1548772071063852,0.17889771595931192,0.21487473313393335,0.0,0.0
haiphong,1,0.05,B6_evspark_cover,0.1230214965099212,0.7943163413672465,0.1388219220958669,0.17479893927048834,0.14285714285714285,0.04724658395246363,0.05223471658113214,0.2998025975054161,0.7320795538646996,1.822548700646029,5.622934734206533,0.09693877551020409,0.013672137000412476,0.1548772071063852,0.17889771595931192,0.21487473313393335,0.7759848768971441,0.8134922925606828
haiphong,1,0.1,B1_random,0.04363167155394185,0.281717835497713,0.0491289656686327,0.06128704009868074,0.0619047619047619,0.07475453580475921,0.08101658337960264,0.3076209588478767,0.7257407565571368,2.5689117526973644,9.447001040697748,0.029551435455076082,0.0006740176333247897,0.1548772071063852,0.17889771595931192,0.21487473313393338,0.2746204187414359,0.28522218133706756
haiphong,1,0.1,B2_poi_density,0.0,0.0,0.0,0.0,0.0,0.04538373930708109,0.21865880111900907,0.2706869972394502,0.7583798309902112,4.305740824605184,18.195400664653324,0.28134526076209954,0.0006025239999871701,0.1548772071063852,0.17889771595931192,0.21487473313393335,0.0,0.0
haiphong,1,0.1,B3_temporal_rank,0.0,0.0,0.0,0.0,0.0,0.0815200350927816,0.009699201228592738,0.2601414902367305,0.7676740820287677,4.275367226880535,18.195400664653324,0.20133878882893336,0.0006125140002950502,0.1548772071063852,0.17889771595931192,0.21487473313393335,0.0,0.0
haiphong,1,0.1,B4_weighted_spatial_diversity,0.10468778872321662,0.6759405769197953,0.10470236777938266,0.1092694022913867,0.14285714285714285,0.041337552409568046,0.040332192033604795,0.3374834991896503,0.698450538771753,1.8000006885935653,5.622934734206533,0.0,0.0023301849996641977,0.1548772071063852,0.17889771595931192,0.21487473313393335,0.5852638599544553,0.5085260639894691
haiphong,1,0.1,B5_static_coverage,0.0,0.0,0.0,0.0,0.0,0.08471011666462183,0.2201885187066544,0.28060452563946336,0.7499924869310866,4.211068313507967,18.195400664653324,0.12918670411334035,0.04030783399957727,0.1548772071063852,0.17889771595931192,0.21487473313393335,0.0,0.0
haiphong,1,0.1,B6_evspark_cover,0.12692480745302306,0.8195189584342025,0.14338895660787096,0.17936597378249236,0.14285714285714285,0.07693276882891295,0.08521199130171829,0.3313532442335419,0.7045646011053897,1.501056194388789,4.637904063558043,0.05317460317460318,0.01475946099981229,0.1548772071063852,0.17889771595931192,0.21487473313393335,0.801513623798769,0.8347466971404773
haiphong,2,0.02,B1_random,0.0033242594046818566,0.033298913486024866,0.005359130706010406,0.02287591204979327,0.023333333333333334,0.019978963659835855,0.019405486108973614,0.25597144685911677,0.7714256205873026,3.768492097039724,10.05682778323617,0.015259558941477345,0.00033350263332370864,0.09983086703645773,0.09630891792350528,0.37112466714149617,0.055645217717708875,0.06163942759717323
haiphong,2,0.02,B2_poi_density,0.0,0.0,0.0,0.0,0.0,0.01693566166712681,0.16457983337053791,0.25782674966477387,0.7697748710626999,3.999117074152096,10.873499386089133,0.25403808968066,0.00054792599985376,0.09983086703645772,0.09630891792350528,0.37112466714149617,0.0,0.0
haiphong,2,0.02,B3_temporal_rank,0.0,0.0,0.0,0.0,0.0,0.03753957775228825,0.0,0.24493555343540976,0.7813404291597772,4.006291021988198,10.873499386089133,0.2910253441628866,0.00034097100024155225,0.09983086703645772,0.09630891792350528,0.37112466714149617,0.0,0.0
haiphong,2,0.02,B4_weighted_spatial_diversity,0.0,0.0,0.0,0.0,0.0,0.01327371091979423,0.011934615993637678,0.2672326066146839,0.7613187979508149,2.267787865623123,7.192392216407428,0.0,0.0009269389997825783,0.09983086703645772,0.09630891792350528,0.37112466714149617,0.0,0.0
haiphong,2,0.02,B5_static_coverage,0.0,0.0,0.0,0.0,0.0,0.014816883019210511,0.1615965949117589,0.2570103617868327,0.7703774423607737,4.004689778627884,10.873499386089133,0.24548443597853456,0.017757514000095398,0.09983086703645772,0.09630891792350528,0.37112466714149617,0.0,0.0
haiphong,2,0.02,B6_evspark_cover,0.09355066240348216,0.937091554752479,0.08753358833308691,0.3623493375510778,0.3,0.021343897769910698,0.02312179841098404,0.2721629697618674,0.7563822474064499,2.2837799766615707,7.523783532283787,0.07231040564373897,0.01386365600001227,0.09983086703645772,0.09630891792350528,0.37112466714149617,0.908883520035099,0.9763547660197087
haiphong,2,0.05,B1_random,0.009900362043653164,0.09917135188295623,0.009096226466981543,0.053137361025386805,0.04666666666666666,0.03977637929281892,0.022763297226166546,0.26712360997379087,0.7616770750841989,3.258265298813105,9.075612531991673,0.03244240192889889,0.0004557254000853087,0.09983086703645773,0.09630891792350528,0.37112466714149617,0.0944484338844545,0.14317927567214897
haiphong,2,0.05,B2_poi_density,0.0,0.0,0.0,0.0,0.0,0.02549809471685427,0.20827891356225786,0.259274416826889,0.7688939980998653,3.971008194447062,10.873499386089133,0.29183034185324697,0.0008126460002131353,0.09983086703645772,0.09630891792350528,0.37112466714149617,0.0,0.0
haiphong,2,0.05,B3_temporal_rank,0.0,0.0,0.0,0.0,0.0,0.06136367312534217,0.004482216987515452,0.24637779479772856,0.7802331872400738,3.9647217669520662,10.873499386089133,0.22216068525651297,0.0005346470002223214,0.09983086703645772,0.09630891792350528,0.37112466714149617,0.0,0.0
haiphong,2,0.05,B4_weighted_spatial_diversity,0.007913860185609061,0.07927267808581649,0.009089622908308654,0.009089622908308654,0.0,0.022498105774308472,0.01745176431712725,0.2782934469681313,0.751263444440079,2.0441982008223945,6.100512451834837,0.0,0.003321885999866936,0.09983086703645772,0.09630891792350528,0.37112466714149617,0.0943798674545198,0.02449210120771389
haiphong,2,0.05,B5_static_coverage,0.0,0.0,0.0,0.0,0.0,0.03929603743043773,0.2079418835072308,0.26081552147737286,0.7676381953734106,3.9370260136932824,10.873499386089133,0.1978262462140769,0.04505808400017486,0.09983086703645772,0.09630891792350528,0.37112466714149617,0.0,0.0
haiphong,2,0.05,B6_evspark_cover,0.09363820013826578,0.937968415160309,0.08753358833308691,0.3623493375510778,0.3,0.03668965621004943,0.037091853076024486,0.2895021347938257,0.7416058850882046,2.1949042341579514,7.192547097413856,0.07129865835222979,0.029532786999880045,0.09983086703645772,0.09630891792350528,0.37112466714149617,0.908883520035099,0.9763547660197087
haiphong,2,0.1,B1_random,0.020693413828681582,0.2072847250853231,0.025682063869607752,0.1067325528439629,0.09333333333333332,0.07648937649004182,0.0815692534930989,0.2915350075138274,0.7402874266636451,2.9393251330541954,8.337631283238625,0.031824543665686905,0.0005076694999691729,0.09983086703645773,0.09630891792350528,0.37112466714149617,0.26666340379824527,0.28759218207198745
haiphong,2,0.1,B2_poi_density,0.0,0.0,0.0,0.0,0.0,0.04538373930708109,0.2095878028193122,0.2578840728361177,0.7700869064476319,3.9451296511001965,10.873499386089133,0.28134526076209954,0.0007444779998877493,0.09983086703645772,0.09630891792350528,0.37112466714149617,0.0,0.0
haiphong,2,0.1,B3_temporal_rank,0.0,0.0,0.0,0.0,0.0,0.0815200350927816,0.009296832618672953,0.24725625589048303,0.7794694971475051,3.914756053375548,10.873499386089133,0.20133878882893336,0.0005259879999357508,0.09983086703645772,0.09630891792350528,0.37112466714149617,0.0,0.0
haiphong,2,0.1,B4_weighted_spatial_diversity,0.007913860185609061,0.07927267808581649,0.009089622908308654,0.009089622908308654,0.0,0.040441400179530115,0.0379307470478045,0.3230656810909802,0.7113816505622064,1.8528246291171064,5.542794167215342,0.0,0.0030094250000729517,0.09983086703645772,0.09630891792350528,0.37112466714149617,0.0943798674545198,0.02449210120771389
haiphong,2,0.1,B5_static_coverage,0.03931642772658939,0.3938303742491912,0.009089622908308654,0.14962503767768542,0.1,0.08686878967070162,0.21774761703634038,0.27450298604098344,0.7555250970756122,3.5298139938230926,8.542555700805206,0.12918670411334035,0.04099452900027245,0.09983086703645772,0.09630891792350528,0.37112466714149617,0.0943798674545198,0.40316651229393735
haiphong,2,0.1,B6_evspark_cover,0.09602514070996221,0.9618782603069482,0.08753358833308691,0.3623493375510778,0.3,0.059875590522621855,0.061024862391002604,0.31393815164630856,0.7199381385152175,1.6519392092914797,4.637904063558043,0.041983575837742496,0.015189794999969308,0.09983086703645772,0.09630891792350528,0.37112466714149617,0.908883520035099,0.9763547660197087
hanoi,0,0.02,B1_random,0.08079468095439762,0.13435709003093305,0.08627266028539331,0.26620176958886915,0.24523809523809523,0.11492380889618822,0.1420754817598984,0.24537541720544376,0.7760772783916196,2.7782526517122803,8.435869604998574,0.02538422108365416,0.0008718624666319859,0.6013428910658623,0.6687814154636188,0.8310775258502541,0.12899978721087305,0.32030919054937146
hanoi,0,0.02,B2_poi_density,0.03279054764379624,0.05452886885496556,0.026871977823702403,0.07020494783339465,0.07142857142857142,0.1567615639588013,0.26287838945226505,0.20300472054894292,0.8164944193130184,4.312046322569128,11.46234036661583,0.6041398149666022,0.002124961000163239,0.6013428910658623,0.6687814154636188,0.8310775258502541,0.04018050921028355,0.0844746075422624
hanoi,0,0.02,B3_temporal_rank,0.05603624280107845,0.09318517543585804,0.06482048046220634,0.0968794120340786,0.08928571428571429,0.17555558281569733,0.26766725322830986,0.2065611008133868,0.8134774855838593,4.195890016315946,11.874326712357107,0.39834981013164594,0.003464190000158851,0.6013428910658623,0.6687814154636188,0.8310775258502541,0.0969232681462461,0.11657084811066665
hanoi,0,0.02,B4_weighted_spatial_diversity,0.028688318390119198,0.04770708827915137,0.01854338628433881,0.11338715462706381,0.10714285714285714,0.028196857431892704,0.027578502606439084,0.23539328522668929,0.7881152179590394,4.016787417215019,8.078604582372563,0.0,0.005488465000098586,0.6013428910658623,0.6687814154636188,0.8310775258502541,0.027727125568350303,0.13643390790896473
hanoi,0,0.02,B5_static_coverage,0.06452958682822721,0.10730913724422758,0.09053348042813142,0.12423352090685769,0.10714285714285714,0.2174991257163225,0.3200635085755472,0.22233619571152782,0.7990340940238869,3.4600593742657617,11.585535974134357,0.19564490128202716,0.43779040300000815,0.6013428910658623,0.6687814154636188,0.8310775258502541,0.13537080776290855,0.1494848760105233
hanoi,0,0.02,B6_evspark_cover,0.10088355439196124,0.1677637765254831,0.12102462066843823,0.2546063140946738,0.21428571428571427,0.21440263222677536,0.2865320018261502,0.22974108912490637,0.7919274396097842,3.081416387279436,11.22010400583764,0.12290409143793708,0.38797354899998027,0.6013428910658623,0.6687814154636188,0.8310775258502541,0.18096289440779456,0.30635687547222823
hanoi,0,0.05,B1_random,0.17832341458560788,0.2965419850054849,0.1993588311684971,0.4405146409916217,0.40952380952380957,0.23213090846139695,0.28435821309526665,0.30194712541999624,0.7268802537201657,1.9222098440500082,6.063115811902469,0.023113411809009866,0.0008515646000053797,0.6013428910658623,0.6687814154636188,0.8310775258502541,0.2980926601112199,0.5300524046068296
hanoi,0,0.05,B2_poi_density,0.07314456452660763,0.12163536912685718,0.09178006238722167,0.12450458060570806,0.10714285714285714,0.24354515715351155,0.35780176682472237,0.21611660505357835,0.8047125583167474,3.5594722330044237,10.745019010654802,0.2614047417012536,0.0013812130000587786,0.6013428910658623,0.6687814154636188,0.8310775258502541,0.13723476799007198,0.1498110305393358
hanoi,0,0.05,B3_temporal_rank,0.0842748249142829,0.14014437713715763,0.0973636833209937,0.12985351258251082,0.125,0.2643617172099037,0.38120748892130674,0.21643800915389383,0.8048633931509284,3.5504413125959218,11.255996706870679,0.23355405476041916,0.0036087430000861787,0.6013428910658623,0.6687814154636188,0.8310775258502541,0.14558371550067423,0.15624717134500904
hanoi,0,0.05,B4_weighted_spatial_diversity,0.10936306243468912,0.18186472985628277,0.08944293333536163,0.35615715038337603,0.30357142857142855,0.05211900113558994,0.046800100590820924,0.2955427255175659,0.7329582038598117,2.82412128595077,4.9784095778771285,0.0,0.01048464099994817,0.6013428910658623,0.6687814154636188,0.8310775258502541,0.13374015974017037,0.4285486483574451
hanoi,0,0.05,B5_static_coverage,0.19215561356194927,0.3195441675902399,0.22381423492813773,0.4022864480791581,0.375,0.337440903126092,0.437354793760685,0.27285553963581305,0.75398060953593,2.299129739088353,10.131288678115846,0.06996664779726915,0.6975785310000902,0.6013428910658623,0.6687814154636188,0.8310775258502541,0.3346597703720328,0.48405405701181625
hanoi,0,0.05,B6_evspark_cover,0.198894100612454,0.3307498992129435,0.2327747212678773,0.4562268654475351,0.4642857142857143,0.324838758267316,0.40244240804057574,0.27027779744453884,0.7549301622799169,1.8899596404908448,6.080674149035105,0.06366388787264074,0.7369774769999822,0.6013428910658623,0.6687814154636188,0.8310775258502541,0.34805799904967616,0.5489582514949867
hanoi,0,0.1,B1_random,0.27867635434447663,0.4634233787158124,0.3210210177401685,0.5963595437017241,0.5613095238095238,0.3999121576972512,0.48337170419303,0.36089122048389244,0.6771049075268647,1.3678590008048481,4.512187331894409,0.023105652329151342,0.001569980000006884,0.6013428910658623,0.6687814154636188,0.8310775258502541,0.48000887931018144,0.7175739027374177
hanoi,0,0.1,B2_poi_density,0.12933321060715197,0.21507398279526133,0.16328053390281524,0.18567996069333073,0.16071428571428573,0.40003670820147375,0.5279174741946108,0.23804620513971583,0.7854232181400289,2.8672479435195366,10.232159428922301,0.12932231721508344,0.0038340300000072602,0.6013428910658623,0.6687814154636188,0.8310775258502541,0.24414633859050108,0.22342074586046148
hanoi,0,0.1,B3_temporal_rank,0.12363154346496717,0.20559242538950442,0.14532186101405006,0.19549448315340845,0.17857142857142858,0.41200326169620827,0.5328593381696063,0.2369544351862941,0.7871164634127714,2.950252165037804,10.954607934926921,0.13043992720130235,0.005541524999898684,0.6013428910658623,0.6687814154636188,0.8310775258502541,0.21729350973861722,0.23523014047745192
hanoi,0,0.1,B4_weighted_spatial_diversity,0.15329533669060336,0.2549216744192186,0.13873089936055794,0.5009450400583546,0.42857142857142855,0.138733724065766,0.14868981742510143,0.39537723935102403,0.6445326904926756,1.805390775329847,3.4006512915060947,0.0022385868222482737,0.03044236899995667,0.6013428910658623,0.6687814154636188,0.8310775258502541,0.2074383291054606,0.6027657161657098
hanoi,0,0.1,B5_static_coverage,0.30963896884038783,0.51491249575024,0.36668244963574975,0.6332602620665146,0.625,0.45361515824760584,0.5593502129171809,0.341412495657412,0.6942176445579851,1.3105090278309426,4.3386869858474135,0.03784572143811845,1.6551777310000944,0.6013428910658623,0.6687814154636188,0.8310775258502541,0.5482844486364125,0.7619749570518615
hanoi,0,0.1,B6_evspark_cover,0.31429840415507054,0.5226608792164916,0.3857636882271841,0.6424888234280801,0.6428571428571429,0.4550745668639222,0.5388213107806582,0.3488389282089242,0.6871832046342068,1.2906568338394762,4.185477247729705,0.03404932360130118,2.576064365999855,0.6013428910658623,0.6687814154636188,0.8310775258502541,0.5768158015571672,0.7730792897699481
hanoi,1,0.02,B1_random,0.005860362119014478,0.029959757534181054,0.007007184060071198,0.017208261545942405,0.020833333333333332,0.04359487794149873,0.13399520317983685,0.43111010093532687,0.6161549537609066,1.7373663357199838,8.310014633409724,0.02333707270270643,0.0005179264666518671,0.19560779530102662,0.20336792525463968,0.4965311787213018,0.03445569920279911,0.03465696069732861
hanoi,1,0.02,B2_poi_density,0.0,0.0,0.0,0.0,0.0,0.1262634234215154,0.5519840993615058,0.4272149626391995,0.6195649207611147,1.9801418665042305,11.34418032327435,0.7168881676685918,0.0011892009999883157,0.19560779530102662,0.20336792525463968,0.4965311787213018,0.0,0.0
hanoi,1,0.02,B3_temporal_rank,0.0,0.0,0.0,0.0,0.0,0.13190204064651095,0.5090099354237084,0.4265354551003148,0.6200353062321591,1.9815867134364484,11.34418032327435,0.4723188853676836,0.0031837589999668126,0.19560779530102662,0.20336792525463968,0.4965311787213018,0.0,0.0
hanoi,1,0.02,B4_weighted_spatial_diversity,0.003170373111602191,0.016207805556640573,0.004222189457354481,0.04254727223950367,0.0625,0.007120904109766618,0.010053588691616962,0.4410631328881073,0.6075007541053643,1.2359373847592667,3.711503356707435,0.0,0.0042646039998999186,0.19560779530102662,0.20336792525463968,0.4965311787213018,0.020761334178277236,0.08568902430069764
hanoi,1,0.02,B5_static_coverage,0.0,0.0,0.0,0.0,0.0,0.1108747772216584,0.47048186833466565,0.42657609733867896,0.6201130747177157,2.000556389416719,11.34418032327435,0.18013788752751841,0.32321824600012405,0.19560779530102662,0.20336792525463968,0.4965311787213018,0.0,0.0
hanoi,1,0.02,B6_evspark_cover,0.07748426136212608,0.3961205188314876,0.07035583782268083,0.19136011616516344,0.25,0.015004719532965049,0.0374958627966547,0.4584376936927416,0.5920341980478774,1.0454511453859598,2.6286917358178523,0.053935826474111985,0.08855810199997904,0.19560779530102662,0.20336792525463968,0.4965311787213018,0.3459534621036594,0.3853939578536961
hanoi,1,0.05,B1_random,0.014555399172103326,0.07441114066902903,0.015413497887993479,0.03642816892034119,0.05416666666666667,0.10751160742067144,0.32684031087422954,0.4462495623418654,0.6026650650954726,1.3722861875379029,5.530864912942849,0.023718918959750233,0.000902238066684428,0.19560779530102662,0.20336792525463968,0.4965311787213018,0.07579119405724395,0.07336532020839717
hanoi,1,0.05,B2_poi_density,0.0,0.0,0.0,0.0,0.0,0.16020232903887033,0.5752311715874557,0.42693308710242145,0.6195646959374352,1.9453515331351015,11.34418032327435,0.29985015650154445,0.002147006999621226,0.19560779530102662,0.20336792525463968,0.4965311787213018,0.0,0.0
hanoi,1,0.05,B3_temporal_rank,0.0,0.0,0.0,0.0,0.0,0.16346252397910274,0.56618098835867,0.4264942179239688,0.6198752474380695,1.9416553404219974,11.34418032327435,0.2649551557274388,0.0041846039998745255,0.19560779530102662,0.20336792525463968,0.4965311787213018,0.0,0.0
hanoi,1,0.05,B4_weighted_spatial_diversity,0.004044334965398466,0.020675735131999825,0.004222189457354481,0.07832627190781902,0.125,0.018812626875767346,0.021320736317260915,0.46832400312325445,0.5832454739961113,1.0473989239087065,2.702310458412082,0.0,0.015138552999815147,0.19560779530102662,0.20336792525463968,0.4965311787213018,0.020761334178277236,0.15774693566984
hanoi,1,0.05,B5_static_coverage,0.0,0.0,0.0,0.0,0.0,0.13961411514231636,0.508915472895587,0.4277552854247141,0.6188042250692884,1.9544638235458447,11.34418032327435,0.07502223684052774,0.9572402210001201,0.19560779530102662,0.20336792525463968,0.4965311787213018,0.0,0.0
hanoi,1,0.05,B6_evspark_cover,0.17007208580954858,0.8694545406425118,0.17661157728988094,0.4604711407094054,0.6875,0.026262677247104613,0.05611403953962095,0.5085674905996913,0.5476844993807695,0.9666326691487649,2.2366762783507093,0.018877289078399917,0.13617890200021066,0.19560779530102662,0.20336792525463968,0.4965311787213018,0.8684337860493155,0.9273760852143053
hanoi,1,0.1,B1_random,0.0356080188550265,0.18203783136673188,0.03791426891235939,0.09023640728133583,0.13125,0.16323367820007753,0.4610741111897669,0.4681263953742453,0.582892345030641,1.0864469905195333,3.846683304540066,0.02182703014112155,0.0015098467999905552,0.19560779530102662,0.20336792525463968,0.4965311787213018,0.18643190102316495,0.18173361744114092
hanoi,1,0.1,B2_poi_density,0.0,0.0,0.0,0.0,0.0,0.18407025068882893,0.5919156715418459,0.4269788384586638,0.6191411356693628,1.8838083652521105,11.34418032327435,0.14076638740577918,0.0020300690002841293,0.19560779530102662,0.20336792525463968,0.4965311787213018,0.0,0.0
hanoi,1,0.1,B3_temporal_rank,0.0,0.0,0.0,0.0,0.0,0.18354491795717404,0.5751538000608468,0.4253668999149426,0.6206751152551191,1.877296813264449,11.34418032327435,0.139673419344774,0.0038240509998104244,0.19560779530102662,0.20336792525463968,0.4965311787213018,0.0,0.0
hanoi,1,0.1,B4_weighted_spatial_diversity,0.10582025848122098,0.5409818065704951,0.11831679979157689,0.36968031688020986,0.5625,0.07784659397951349,0.19313531495996486,0.5389463578360663,0.5205509401111923,0.9030831154913029,2.1959535671343176,0.0011296384411665008,0.019415716999901633,0.19560779530102662,0.20336792525463968,0.4965311787213018,0.5817869245773681,0.7445258882478111
hanoi,1,0.1,B5_static_coverage,0.0,0.0,0.0,0.0,0.0,0.18508891177397715,0.5501500433171542,0.43938952655750596,0.6081174535865046,1.881416102183232,11.34418032327435,0.03751723713897705,0.8836224680003397,0.19560779530102662,0.20336792525463968,0.4965311787213018,0.0,0.0
hanoi,1,0.1,B6_evspark_cover,0.17007208580954858,0.8694545406425118,0.17661157728988094,0.4604711407094054,0.6875,0.07739384181200103,0.31780404900976206,0.566152727441347,0.4962543353094946,0.8821441722749308,1.983317054290851,0.009189543960244042,0.13571624799988058,0.19560779530102662,0.20336792525463968,0.4965311787213018,0.8684337860493155,0.9273760852143053
hanoi,2,0.02,B1_random,0.007530175631888319,0.03623813015252334,0.00843331720643576,0.015777213541799943,0.012280701754385965,0.045453232363894355,0.13518487534947352,0.37306801295726083,0.6675327084701033,1.538744277267002,4.902893402880232,0.021597407431953698,0.000492241766657268,0.20779702485184587,0.22449942335547926,0.3762448882426785,0.03756498382217307,0.041933363176016404
hanoi,2,0.02,B2_poi_density,0.0,0.0,0.0,0.0,0.0,0.1262634234215154,0.527043641334089,0.3691865478587129,0.6709649274579859,1.592660305974538,5.438249740528249,0.7168881676685918,0.0012933729999531351,0.20779702485184587,0.22449942335547926,0.3762448882426785,0.0,0.0
hanoi,2,0.02,B3_temporal_rank,0.0,0.0,0.0,0.0,0.0,0.13190204064651095,0.48601119153840877,0.36849277162089084,0.6714494064382666,1.5941051529067556,5.438249740528249,0.4723188853676836,0.003068728000016563,0.20779702485184587,0.22449942335547926,0.3762448882426785,0.0,0.0
hanoi,2,0.02,B4_weighted_spatial_diversity,0.023394405424555446,0.1125829661961478,0.02384520060458669,0.1455608505038211,0.15789473684210525,0.006467551377074074,0.005916952929343144,0.3828471958362035,0.6589670192323334,1.195815530084657,3.294826955046795,0.0,0.004638065000108327,0.20779702485184587,0.22449942335547926,0.3762448882426785,0.10621497484574591,0.38687794851829094
hanoi,2,0.02,B5_static_coverage,0.0,0.0,0.0,0.0,0.0,0.1108747772216584,0.44922394930505155,0.36855688468300096,0.6715063011014764,1.613074828887026,5.438249740528249,0.18013788752751841,0.45894526000029146,0.20779702485184587,0.22449942335547926,0.3762448882426785,0.0,0.0
hanoi,2,0.02,B6_evspark_cover,0.1308325545610087,0.6296170729792164,0.1478452580892263,0.24106473108123735,0.21052631578947367,0.016383421487142343,0.04336762874913763,0.40187366565785493,0.6417009282098247,1.0373823604272612,2.576178882157828,0.07012537063136763,0.14605138699971576,0.20779702485184587,0.22449942335547926,0.3762448882426785,0.6585551796947094,0.640712308962322
hanoi,2,0.05,B1_random,0.017679018252994057,0.08507830304884663,0.019243908431727956,0.0407524818775298,0.03684210526315789,0.10231746763712349,0.29894930344258536,0.38875585105860144,0.6536609026521493,1.3398458898737893,4.276133331906137,0.023983448417681064,0.001165402366662723,0.20779702485184587,0.22449942335547926,0.3762448882426785,0.0857191886914407,0.10831371575005797
hanoi,2,0.05,B2_poi_density,0.0,0.0,0.0,0.0,0.0,0.16020232903887033,0.5492403343375536,0.3688465846679817,0.6710196357370473,1.557869972605409,5.438249740528249,0.29985015650154445,0.0015262580000126036,0.20779702485184587,0.22449942335547926,0.3762448882426785,0.0,0.0
hanoi,2,0.05,B3_temporal_rank,0.0,0.0,0.0,0.0,0.0,0.16346252397910274,0.5405990681685512,0.36840232167812453,0.6713292971015352,1.5541737798923043,5.438249740528249,0.2649551557274388,0.004214140999920346,0.20779702485184587,0.22449942335547926,0.3762448882426785,0.0,0.0
hanoi,2,0.05,B4_weighted_spatial_diversity,0.08201303126478078,0.394678563484025,0.07655520687410267,0.24869148642753064,0.15789473684210525,0.020058651256996123,0.021891205522955298,0.4204697105070318,0.6256778848473512,1.037191985202905,2.910747677060056,0.0,0.01049338600023475,0.20779702485184587,0.22449942335547926,0.3762448882426785,0.3410040245532516,0.6609830304647868
hanoi,2,0.05,B5_static_coverage,0.0,0.0,0.0,0.0,0.0,0.13961411514231636,0.48592099713815634,0.36967595495614153,0.6702837328866307,1.5669822630161516,5.438249740528249,0.07502223684052774,0.6330091189997802,0.20779702485184587,0.22449942335547926,0.3762448882426785,0.0,0.0
hanoi,2,0.05,B6_evspark_cover,0.18553438693297913,0.8928635386635615,0.20786920861084288,0.3492502320127517,0.21052631578947367,0.025525921564253668,0.06662270463068908,0.4413409573955262,0.607006755042633,0.9873934303877915,2.3310815106185565,0.02947262949484621,0.09487800399983826,0.20779702485184587,0.22449942335547926,0.3762448882426785,0.9259231293511895,0.9282524306017542
hanoi,2,0.1,B1_random,0.0433815134838691,0.20876869394448283,0.04392500703614924,0.09801371033599977,0.06666666666666667,0.16389883112946985,0.43363436796612664,0.4126520781434811,0.6322217568304905,1.1104256475950214,3.495310018639888,0.021619218543869338,0.001245630733440824,0.20779702485184587,0.22449942335547926,0.3762448882426785,0.1956575494922187,0.2605050949497041
hanoi,2,0.1,B2_poi_density,0.0,0.0,0.0,0.0,0.0,0.18407025068882893,0.5651709736801939,0.3688588986155739,0.6705984204503059,1.4963268047224179,5.438249740528249,0.14076638740577918,0.002488976000222465,0.20779702485184587,0.22449942335547926,0.3762448882426785,0.0,0.0
hanoi,2,0.1,B3_temporal_rank,0.0,0.0,0.0,0.0,0.0,0.18354491795717404,0.549166458711124,0.36724746465749997,0.6720963995985028,1.4898152527347563,5.438249740528249,0.139673419344774,0.004156295000029786,0.20779702485184587,0.22449942335547926,0.3762448882426785,0.0,0.0
hanoi,2,0.1,B4_weighted_spatial_diversity,0.12823135165971078,0.6170990742102134,0.14144286329657066,0.29685350176160413,0.21052631578947367,0.08065678992332051,0.18934025930351023,0.4911144543657976,0.5629449536482649,0.901695628918594,2.2376155804382996,0.0010763512111551328,0.018570477000139363,0.20779702485184587,0.22449942335547926,0.3762448882426785,0.6300366441146964,0.7889901259472613
hanoi,2,0.1,B5_static_coverage,0.0005808978069705844,0.0027955058903502113,0.0,0.004768819105797904,0.0,0.18575090622035725,0.5252924539771634,0.3831097072006151,0.6582638186240228,1.4939345416535394,5.438249740528249,0.03751723713897705,0.8675369799998407,0.20779702485184587,0.22449942335547926,0.3762448882426785,0.0,0.012674774474868105
hanoi,2,0.1,B6_evspark_cover,0.20234514701516665,0.9737634461293838,0.22449942335547926,0.3708560218929525,0.21052631578947367,0.045142941032518216,0.08065637135753273,0.5020267923274567,0.553351702154435,0.9281474032774247,2.234148636529889,0.011341422072640018,0.09826802499992482,0.20779702485184587,0.22449942335547926,0.3762448882426785,1.0,0.9856772370386329
hochiminh,0,0.02,B1_random,0.0232669015349873,0.08080672147108063,0.024127282862275702,0.06248904478100025,0.07333333333333333,0.027197032878926598,0.018673169080443162,0.32622401908586707,0.7091511388299665,3.733319233761139,11.015890073504405,0.012508857718373532,0.0012547368666825302,0.2879327500412714,0.326166510152744,0.5695826322897596,0.07397228750118116,0.10971023559793279
hochiminh,0,0.02,B2_poi_density,0.0,0.0,0.0,0.0,0.0,0.021153230602205295,0.0005506486390239989,0.3117729237436222,0.7218856625058643,4.790721806079566,17.845494760123433,0.5581121044953362,0.0011480160001156037,0.2879327500412714,0.326166510152744,0.5695826322897596,0.0,0.0
hochiminh,0,0.02,B3_temporal_rank,0.0,0.0,0.0,0.0,0.0,0.020702538857272086,0.0005818625146491648,0.31173389276837843,0.7219265380250066,4.79071526616107,17.845494760123433,0.5590590014584486,0.0029092740001033235,0.2879327500412714,0.326166510152744,0.5695826322897596,0.0,0.0
hochiminh,0,0.02,B4_weighted_spatial_diversity,0.0340161694468604,0.11813928579498036,0.033887051673779006,0.10569167864648893,0.05,0.013158772041733508,0.03589240531044669,0.3449322232621906,0.6925808881263291,1.9275891839020867,7.407664734013546,0.0,0.008807265000086772,0.2879327500412714,0.326166510152744,0.5695826322897596,0.10389494512453065,0.18555986902480057
hochiminh,0,0.02,B5_static_coverage,0.0,0.0,0.0,0.0,0.0,0.04230352646120748,0.0007552003863208934,0.3155912850909116,0.7185409034945096,4.791829477481809,17.845494760123433,0.09837780952841622,0.33146820100000696,0.2879327500412714,0.326166510152744,0.5695826322897596,0.0,0.0
hochiminh,0,0.02,B6_evspark_cover,0.09193897037536339,0.3193070964042303,0.08406940938884881,0.2586954314532605,0.4,0.05693193161237068,0.1047010567300213,0.34764897027829456,0.6900471480330168,1.5709835008143553,5.277571842593824,0.06190319136462291,0.11257104300011633,0.2879327500412714,0.326166510152744,0.5695826322897596,0.2577499736238372,0.45418419872334925
hochiminh,0,0.05,B1_random,0.06595848938883986,0.22907602340958286,0.06886625212612214,0.16893716049528645,0.22333333333333333,0.0604983835541043,0.04151368521214051,0.3460876610261329,0.6915944843873004,3.1156996774334336,9.258522979401281,0.01361310594540483,0.0010859838666722984,0.2879327500412714,0.326166510152744,0.5695826322897596,0.21113832960309764,0.29659815963163766
hochiminh,0,0.05,B2_poi_density,0.0,0.0,0.0,0.0,0.0,0.03691703859417271,0.0036018544205410614,0.31191204483742946,0.7216281174232861,4.75920589634996,17.845494760123433,0.20419291669513226,0.0018415409999761323,0.2879327500412714,0.326166510152744,0.5695826322897596,0.0,0.0
hochiminh,0,0.05,B3_temporal_rank,0.0,0.0,0.0,0.0,0.0,0.045866271247194355,0.0036790750191845662,0.3134850444629653,0.7203478161970522,4.751739786527239,17.845494760123433,0.2040084963659409,0.003129135000108363,0.2879327500412714,0.326166510152744,0.5695826322897596,0.0,0.0
hochiminh,0,0.05,B4_weighted_spatial_diversity,0.10519309859188561,0.3653391237252711,0.10967578455022345,0.3217128926013801,0.3,0.042232732800334516,0.0772228914454762,0.3841267453414788,0.6579116252708921,1.6168521065737766,5.619994680405247,0.0005592229142883057,0.019201902999611775,0.2879327500412714,0.326166510152744,0.5695826322897596,0.3362570378511951,0.5648221598823565
hochiminh,0,0.05,B5_static_coverage,0.006045487635031065,0.02099617926117999,0.0041774524491977995,0.019802327654476478,0.0,0.09543235712625797,0.045693931073143956,0.33148999710748717,0.7043245760772168,4.370545641870398,16.10831422821551,0.03382389585218543,0.5349091600000975,0.2879327500412714,0.326166510152744,0.5695826322897596,0.012807729546609477,0.034766382491105495
hochiminh,0,0.05,B6_evspark_cover,0.18118732811391863,0.6292696057949219,0.1899250512876859,0.449948191463453,0.55,0.10004837384752707,0.15891844480829942,0.392358778172476,0.6507107487037296,1.3321036933223158,4.479331560955123,0.021369732285227903,0.1409678410000197,0.2879327500412714,0.326166510152744,0.5695826322897596,0.5822947647161686,0.7899612206478834
hochiminh,0,0.1,B1_random,0.1025487186807738,0.3561551045029604,0.11183887989753297,0.24169180804162818,0.31833333333333336,0.11286236912036231,0.07967047301889235,0.3767571458615361,0.6642802504829954,1.8935601247817293,6.897651443563411,0.012304333859999713,0.0021757978999933886,0.2879327500412714,0.326166510152744,0.5695826322897596,0.34288891230788454,0.42433142153582043
hochiminh,0,0.1,B2_poi_density,0.0,0.0,0.0,0.0,0.0,0.09629448060756178,0.005198024219560656,0.31901712434691293,0.7148138715174208,4.705986170024329,17.845494760123433,0.07771801657604462,0.0024828900000102294,0.2879327500412714,0.326166510152744,0.5695826322897596,0.0,0.0
hochiminh,0,0.1,B3_temporal_rank,0.0,0.0,0.0,0.0,0.0,0.1265147675485784,0.036361012758347536,0.32525836069325603,0.7094026419207877,4.542841799046962,17.845494760123433,0.07536135592921335,0.0037348760001805204,0.2879327500412714,0.326166510152744,0.5695826322897596,0.0,0.0
hochiminh,0,0.1,B4_weighted_spatial_diversity,0.11904033615886478,0.41343103951114246,0.12202514442142343,0.35813237401440795,0.3,0.09133813853567348,0.13874814682528072,0.4395046288052284,0.6089342680495924,1.2077931695894086,3.7658692078183553,0.0015612703516355907,0.036788176000300155,0.2879327500412714,0.326166510152744,0.5695826322897596,0.3741191711076621,0.6287628058016662
hochiminh,0,0.1,B5_static_coverage,0.07326950435640019,0.2544674211109989,0.06727878719710044,0.19134389699921608,0.25,0.15036971001890198,0.10791367364761305,0.36283960332209125,0.6764467981758102,1.881220273242994,9.476715401598732,0.01770803638637482,0.7171245330000602,0.2879327500412714,0.326166510152744,0.5695826322897596,0.20627129120519988,0.3359370285396538
hochiminh,0,0.1,B6_evspark_cover,0.2466769225289217,0.856717141393481,0.3044031913909709,0.45142231091627005,0.55,0.1428636610347131,0.1994391772339237,0.4486727520034092,0.6007283416357752,1.1929567059521287,3.8112248348595816,0.01225002543713235,0.1860982690000128,0.2879327500412714,0.326166510152744,0.5695826322897596,0.9332754342204497,0.7925492901732673
hochiminh,1,0.02,B1_random,0.08602038505564727,0.14383208312922915,0.09753438990837611,0.24580017383990305,0.2776666666666667,0.07690240827348828,0.11279657923271384,0.23124171881160943,0.7903050161524392,3.8551840656025314,6.951196423327425,0.013382213698106365,0.0007273560666514338,0.5980611778970086,0.6808458512987448,0.8676135006015044,0.14325473192254135,0.2833060731183795
hochiminh,1,0.02,B2_poi_density,0.05392476650211841,0.0901659704643205,0.061317306703256955,0.06541475308485935,0.07,0.10469435876313485,0.20499145281849881,0.19793990668919478,0.8208806721056239,5.510297860438634,12.290215349365557,0.5897384998160341,0.001984356999855663,0.5980611778970086,0.6808458512987448,0.8676135006015044,0.0900604837149134,0.07539619086091699
hochiminh,1,0.02,B3_temporal_rank,0.055166351749197345,0.09224198758926545,0.061317306703256955,0.07236255214273878,0.08,0.10448578350913916,0.2039914709825237,0.19739497821548796,0.8212240794323102,5.498115337179505,12.248694349276205,0.5724229521517269,0.0036387539998941065,0.5980611778970086,0.6808458512987448,0.8676135006015044,0.0900604837149134,0.08340413339876664
hochiminh,1,0.02,B4_weighted_spatial_diversity,0.006123190100889279,0.010238400898082948,0.004760039137540256,0.015304725624269825,0.01,0.018399388962506147,0.018549203793698125,0.22389817052890074,0.7989214051432616,5.614331093273761,13.517397987319429,0.0,0.018264520000229822,0.5980611778970086,0.6808458512987448,0.8676135006015044,0.006991361008457733,0.017640027055433403
hochiminh,1,0.02,B5_static_coverage,0.0901379350176689,0.15071691383584748,0.09337804582637667,0.20797952810770762,0.23,0.1210723529605332,0.18610580491251064,0.214525032114141,0.805780799896114,4.534623264648213,8.39793376166862,0.07935007258408805,0.7207167890001074,0.5980611778970086,0.6808458512987448,0.8676135006015044,0.13715005481527684,0.2397144903387491
hochiminh,1,0.02,B6_evspark_cover,0.11110108728357172,0.1857687664567057,0.1238775900420486,0.27395203354863673,0.32,0.1346711715103412,0.2238128005239961,0.22558957514610892,0.7944577314476835,4.118606966281259,7.590452250771846,0.07394494596243537,0.7358995239997057,0.5980611778970086,0.6808458512987448,0.8676135006015044,0.1819466033401634,0.3157535392876086
hochiminh,1,0.05,B1_random,0.17173560320623452,0.28715390590995504,0.19748042390009576,0.4364858772045107,0.4926666666666667,0.16721119418239075,0.23409280119009707,0.2818333565585046,0.7464039619182841,2.5870530264697176,5.616992675451582,0.013456847698118531,0.0015266369333555,0.5980611778970086,0.6808458512987448,0.8676135006015044,0.2900515932106993,0.503087926711492
hochiminh,1,0.05,B2_poi_density,0.10757813492627213,0.17987814441417904,0.11586278529564822,0.168166712693719,0.21,0.15404882080458226,0.28525802266403455,0.20597931296878969,0.8137882273402803,4.963960709498601,11.401184485003547,0.2066379485092609,0.0017879719998745713,0.5980611778970086,0.6808458512987448,0.8676135006015044,0.1701747687448409,0.19382675877810954
hochiminh,1,0.05,B3_temporal_rank,0.10505558980476037,0.17566027304125043,0.10950651652687934,0.168166712693719,0.21,0.1600293887966356,0.2748262464590038,0.20639345695194378,0.8137309408316233,4.989074694890253,11.382796153331032,0.20981878813847377,0.004590145999827655,0.5980611778970086,0.6808458512987448,0.8676135006015044,0.16083892751639836,0.19382675877810954
hochiminh,1,0.05,B4_weighted_spatial_diversity,0.0436092913980122,0.0729177766584978,0.042805553106430215,0.16790602946552785,0.17,0.06513474680577991,0.054334497654761824,0.2831839790834614,0.7466580688233178,2.5574179247476105,5.4381075183761896,0.0005245465289329003,0.034601889999976265,0.5980611778970086,0.6808458512987448,0.8676135006015044,0.06287113746052304,0.19352629869074298
hochiminh,1,0.05,B5_static_coverage,0.1578548861241628,0.263944378866449,0.16235827623667043,0.36487511023922536,0.43,0.2117995242719002,0.27840910259638685,0.2555262516477406,0.7700368752294273,3.8603014185949203,6.832857818579551,0.029335693811807655,1.040161476999856,0.5980611778970086,0.6808458512987448,0.8676135006015044,0.23846554389215202,0.42055029109881586
hochiminh,1,0.05,B6_evspark_cover,0.20639344955326067,0.3451042421429391,0.2285563687599122,0.441770797196761,0.54,0.21672198909372553,0.31416253105159764,0.27734649608668777,0.749521115991749,1.6342314167325822,4.935047833922207,0.03283659200876489,1.1994126129998222,0.5980611778970086,0.6808458512987448,0.8676135006015044,0.3356947366631234,0.5091792565358739
hochiminh,1,0.1,B1_random,0.26552978431864,0.4439843182136236,0.31463459816121353,0.5800156682222788,0.646,0.2682550450159219,0.3644386411289043,0.33620303817620584,0.6995445275229358,1.895159010574141,4.818596616896193,0.013426716853356257,0.0020825587666877254,0.5980611778970086,0.6808458512987448,0.8676135006015044,0.4621231040198505,0.6685184910333483
hochiminh,1,0.1,B2_poi_density,0.16750560127042358,0.28008104766042763,0.18117726389614175,0.26143668458613273,0.32,0.24391383057613997,0.36145777403478746,0.2251959499758912,0.797610685256319,4.566383794098275,10.562403198831056,0.07932904435457293,0.0026671780001379375,0.5980611778970086,0.6808458512987448,0.8676135006015044,0.2661061436308054,0.3013285113761857
hochiminh,1,0.1,B3_temporal_rank,0.15914441036675012,0.26610055333529137,0.18271166189766203,0.2530531944085286,0.31,0.2718685879271131,0.35686021191670875,0.2285932479617241,0.7945184097024856,4.407320463170948,10.833458134861994,0.07641566771320048,0.004330768999807333,0.5980611778970086,0.6808458512987448,0.8676135006015044,0.26835980794937814,0.29166580998692426
hochiminh,1,0.1,B4_weighted_spatial_diversity,0.15590232263978243,0.26067955654301,0.16789113424928892,0.4860965195056725,0.55,0.14790101979443024,0.13910420252759834,0.37448749368564194,0.6645480352042066,1.5293469524049648,3.528633076031552,0.0016129962903357567,0.04090278600006059,0.5980611778970086,0.6808458512987448,0.8676135006015044,0.24659199131349463,0.560268505698296
hochiminh,1,0.1,B5_static_coverage,0.27772355516887215,0.464373153504872,0.3172003379038558,0.5741122656044797,0.61,0.3002922677552477,0.3797178978101998,0.3163119695293408,0.716247076767422,1.6296232405882072,5.683610361011449,0.01633867617275947,0.9557667009999022,0.5980611778970086,0.6808458512987448,0.8676135006015044,0.46589156311782115,0.6617143062048431
hochiminh,1,0.1,B6_evspark_cover,0.3164667336740649,0.5291544500294638,0.3870205644799001,0.6198302590117264,0.72,0.30783068776326533,0.41785773778036434,0.34100675944214703,0.6944965475468867,1.310640064113471,4.153344943925704,0.018584637190155316,1.0050804620000235,0.5980611778970086,0.6808458512987448,0.8676135006015044,0.5684408060086443,0.7144082688685764
hochiminh,2,0.02,B1_random,0.03876096208450212,0.08437661796446547,0.03656761546069675,0.1185203553024319,0.11818181818181818,0.033499311979937836,0.03735366941408282,0.3262952156577965,0.7089782967090125,6.110298214400362,19.523708497486957,0.013709987309558478,0.0007860583333391939,0.4593803712401222,0.5199407894435062,0.7055856603662245,0.07033034569154527,0.16797443876752763
hochiminh,2,0.02,B2_poi_density,0.0,0.0,0.0,0.0,0.0,0.021153230602205295,0.00032782802695382264,0.30985923390079617,0.7234648220484043,17.474604164587394,48.82644486099204,0.5581121044953362,0.0010854399997697328,0.4593803712401222,0.5199407894435062,0.7055856603662245,0.0,0.0
hochiminh,2,0.02,B3_temporal_rank,0.0,0.0,0.0,0.0,0.0,0.020702538857272086,0.0003464111715120609,0.30981317224270183,0.7235145625280335,17.4745976246689,48.82644486099204,0.5590590014584486,0.002950510000118811,0.4593803712401222,0.5199407894435062,0.7055856603662245,0.0,0.0
hochiminh,2,0.02,B4_weighted_spatial_diversity,0.06868544008787462,0.14951757712776137,0.1015967335513433,0.1520566650746166,0.09090909090909091,0.015540692872681556,0.0466953799421962,0.3440402485123933,0.6935437816919074,3.3703617401485726,10.5903124971432,0.0,0.00844202200005384,0.4593803712401222,0.5199407894435062,0.7055856603662245,0.19540058332427143,0.2155041883868412
hochiminh,2,0.02,B5_static_coverage,0.05300787103851841,0.11538993469708074,0.04447162958214903,0.1696716087381608,0.22727272727272727,0.056079553491755675,0.07397372097536847,0.3203697693655292,0.7143032212274163,6.72003265395864,18.914844031018355,0.09837780952841622,0.3335618279998016,0.4593803712401222,0.5199407894435062,0.7055856603662245,0.08553210381848886,0.24046918505981982
hochiminh,2,0.02,B6_evspark_cover,0.10321568733798361,0.22468458340818367,0.1212346112416565,0.3093247187642196,0.3181818181818182,0.1084888631499957,0.14954643548712837,0.3437282209768935,0.6937110910082176,4.281072872085114,13.001365927244876,0.06458586108482824,0.15342130199996973,0.4593803712401222,0.5199407894435062,0.7055856603662245,0.23317003340209985,0.438394281714383
hochiminh,2,0.05,B1_random,0.0813566511926088,0.17710084340996574,0.08121408733993327,0.20638696330692322,0.21666666666666667,0.07137430750296674,0.07660141725299528,0.34875708083619084,0.6890424493792868,4.001043058606503,13.011540789827183,0.01360773806161325,0.0012023041667058958,0.4593803712401222,0.5199407894435062,0.7055856603662245,0.15619872298700954,0.2925044752182193
hochiminh,2,0.05,B2_poi_density,0.0,0.0,0.0,0.0,0.0,0.03746532246228273,0.002198269344559283,0.31020280453838495,0.7229499477906092,17.442426890820567,48.82644486099204,0.19846456479263536,0.0023257809998540324,0.4593803712401222,0.5199407894435062,0.7055856603662245,0.0,0.0
hochiminh,2,0.05,B3_temporal_rank,0.002853046934618191,0.006210641797594086,0.003921921364386676,0.014950759212322197,0.0,0.05082412814202586,0.02334819676496843,0.31361783854961306,0.7200563439783663,9.84834043859443,36.403011869146816,0.19855221964267267,0.003822449999915989,0.4593803712401222,0.5199407894435062,0.7055856603662245,0.007543015366392619,0.021189148323340658
hochiminh,2,0.05,B4_weighted_spatial_diversity,0.1195234410278024,0.26018404030878023,0.1447355204967475,0.2485342881528875,0.18181818181818182,0.046504417302201895,0.0947041971439049,0.38569201515165935,0.6566639977006414,1.994531150664447,6.275805488324331,0.00018735398199683914,0.031153016000189382,0.4593803712401222,0.5199407894435062,0.7055856603662245,0.2783692363348878,0.3522382924050486
hochiminh,2,0.05,B5_static_coverage,0.12915334962009653,0.28114686152444884,0.14966934802781676,0.2993477521343337,0.3181818181818182,0.12225416124503574,0.1715846771959155,0.34392462432931376,0.6933105056811824,4.175793459810421,13.668544516182692,0.03437365333202691,0.9036773609996089,0.4593803712401222,0.5199407894435062,0.7055856603662245,0.2878584467050723,0.42425430241731577
hochiminh,2,0.05,B6_evspark_cover,0.27264260919566885,0.5935007811928389,0.3077870916420704,0.5171030036843696,0.45454545454545453,0.1757537245695463,0.26599871724130114,0.38923983012582397,0.6535916892863396,1.5604808363287432,6.760231890534339,0.03546178421873907,0.3231187609999324,0.4593803712401222,0.5199407894435062,0.7055856603662245,0.5919656581886865,0.7328706246892467
hochiminh,2,0.1,B1_random,0.14660591629788383,0.319138399192184,0.1547222492324545,0.34345235381952866,0.36363636363636365,0.13093724842307358,0.1428885908199457,0.3837605861588023,0.6578995960239287,2.294423157459683,8.451926761022003,0.012469033474423637,0.0017781259999992472,0.4593803712401222,0.5199407894435062,0.7055856603662245,0.29757667098604457,0.48676209440149965
hochiminh,2,0.1,B2_poi_density,0.12010539544040218,0.26145086503407,0.11747000923966952,0.1864956924394023,0.22727272727272727,0.12278351169436955,0.15668271828622843,0.3276146423456067,0.7070929211701187,6.427076199729095,18.644320945273183,0.07876858677851736,0.002689346999886766,0.4593803712401222,0.5199407894435062,0.7055856603662245,0.2259295897238567,0.26431332567417015
hochiminh,2,0.1,B3_temporal_rank,0.12875085132639483,0.2802706850073392,0.1412267206411577,0.2442915513253407,0.2727272727272727,0.1579427842291504,0.18378448162811378,0.3353452863447172,0.7002718409504551,5.335387757388587,17.700044631343964,0.07560294821202411,0.004485391000343952,0.4593803712401222,0.5199407894435062,0.7055856603662245,0.2716207758816403,0.34622522118511384
hochiminh,2,0.1,B4_weighted_spatial_diversity,0.2067937531132826,0.45015800861284444,0.23883881483589794,0.412772771227475,0.36363636363636365,0.10746364207276246,0.180375574586191,0.4456196575305583,0.6035854225345236,1.4080581159860321,4.227325304792678,0.0012340411204690767,0.03719468899998901,0.4593803712401222,0.5199407894435062,0.7055856603662245,0.45935771858085545,0.5850073129508202
hochiminh,2,0.1,B5_static_coverage,0.22625038528018343,0.4925120868125215,0.2668669569987596,0.4654839373228575,0.45454545454545453,0.17988372393256893,0.2577354373501935,0.37893874086261375,0.662298421215078,1.7600063462553357,7.438839378208834,0.01774077377027609,0.716138052000133,0.4593803712401222,0.5199407894435062,0.7055856603662245,0.5132641301029448,0.6597128647445223
hochiminh,2,0.1,B6_evspark_cover,0.40558243082813245,0.8828902065041235,0.48638902166611886,0.6872156553977917,0.6818181818181818,0.219826676020307,0.35468557073107165,0.4458273128423652,0.603188768816852,1.210035602815856,4.687142470802379,0.020114842450929524,0.21425372300018353,0.4593803712401222,0.5199407894435062,0.7055856603662245,0.9354700218590316,0.9739648833581764
