radius_km,alpha,fold,period,status,n_train,n_val,macro_spearman,macro_nmae,intercept,beta__tourism_hotel,beta__market_local,beta__commercial_industrial_area,beta__mall_supermarket,beta__transport_hub,beta__parking
1.0,0.0,1,weekday_morning,ok,2033,496,0.1307423468028075,0.7361014985877361,0.17805570194020384,4.656891070765144e-11,3.9226084378613146e-14,0.008047734623510099,0.008026509811703417,0.015955299247646628,1.854998790514819e-21
1.0,0.0,1,weekday_evening,ok,2033,496,0.13767890796427026,0.7362312371405153,0.23059449603921875,0.0004818000456030231,1.861442967995626e-15,0.007253857217068204,0.011675501865292058,0.012854977691882869,7.022354050320798e-29
1.0,0.0,1,weekend_midday,ok,2033,496,0.10449491217193518,0.6914849257152595,0.221384542825481,4.889378193514159e-16,0.001448569772783722,0.006131460266637496,0.017755188040153237,0.02716345154994154,7.680517504781744e-24
1.0,0.0,1,weekend_evening,ok,2033,496,0.1113933807663087,0.7199363576937654,0.25365259469496393,0.0006401743792158719,0.0005607582778519886,0.008660373400361679,0.012383433817355243,0.01139575859210906,1.0729569171151102e-21
1.0,0.0,2,weekday_morning,ok,2007,522,0.07142816940803272,0.7141589622896172,0.17252301134997497,0.00014065575262047218,1.8408998626850646e-14,0.001828534906584872,0.0032801851500483758,0.017919277650719833,0.0027887191750840448
1.0,0.0,2,weekday_evening,ok,2007,522,0.05680741198452371,0.6558245273836506,0.22367273935074006,2.3128262822395582e-07,4.238975791689179e-32,0.0015067207651868714,0.010895664169645797,0.010325865704245984,0.0003757229405417311
1.0,0.0,2,weekend_midday,ok,2007,522,0.03342527304673506,0.7051980244282641,0.2169674527911412,1.1860023172427161e-17,7.992550844196236e-24,2.1834735746598212e-23,0.01561098202362099,0.02607322701104195,0.002122973165501806
1.0,0.0,2,weekend_evening,ok,2007,522,0.05970103523697199,0.6728063226691848,0.24552241870498975,5.262695684008213e-12,2.2707842674643472e-19,0.0032287666321648145,0.010127087483664069,0.011515991353127905,0.0027129452813846986
1.0,0.0,3,weekday_morning,ok,2051,478,0.033906771667006265,0.7541713785841485,0.17115668332342446,2.713660749141966e-17,3.2034883486576425e-21,0.011111076686139148,0.011758283507930617,0.010920123046527242,0.0036592243916241914
1.0,0.0,3,weekday_evening,ok,2051,478,-0.031266269855366534,0.7081788149965087,0.22029976974376766,6.624992958462149e-15,9.324565126914199e-21,0.011467130618899275,0.018214665795942227,0.0057776335640684255,0.001909224961213757
1.0,0.0,3,weekend_midday,ok,2051,478,-0.0019067627922823224,0.718499932137105,0.21712904071062364,2.9965782689615677e-18,1.0208775444645439e-21,0.009771948374435012,0.02283132494835451,0.01846561928483722,0.0022484315405030394
1.0,0.0,3,weekend_evening,ok,2051,478,-0.028289880049195776,0.709638575451983,0.24568799668066793,5.941372834378814e-19,1.9403046230224365e-22,0.012346187209701084,0.01919009384498958,0.0019714339989124904,0.0030927004566782103
1.0,0.0,4,weekday_morning,ok,2073,456,-0.11037260636863071,0.8363080049008381,0.17556079594608565,0.0002537375537062759,2.7870222260455046e-18,0.010986243598688706,0.00341236909848569,0.005048222758320842,0.00239959008709624
1.0,0.0,4,weekday_evening,ok,2073,456,-0.07765729519365656,0.7736214330390908,0.22717795678475358,0.0002319198416336291,1.4985841528897618e-14,0.011514304894209433,0.006020910946932806,1.4069163433685158e-12,0.00045307847071549457
1.0,0.0,4,weekend_midday,ok,2073,456,-0.07966558423302009,0.8406407937959127,0.22427187672487384,9.452323721502829e-05,4.909228950658462e-19,0.009019661709960521,0.01338478833324847,0.015143683801802713,4.1699872668990424e-05
1.0,0.0,4,weekend_evening,ok,2073,456,-0.08040720639126751,0.794544408466832,0.25230155721014214,0.00010980395816009274,3.0822661047546763e-15,0.012996581658910161,0.008187914303048688,9.162916235540576e-18,0.0008554039437573438
1.0,0.0,5,weekday_morning,ok,1952,577,0.05080470115475788,0.81638771287477,0.1765539938419199,1.1170089491557577e-16,4.1613782403983015e-17,0.007210242652501828,0.012580338774000822,0.006703768869656262,0.004513909531950912
1.0,0.0,5,weekday_evening,ok,1952,577,0.0681616531559677,0.7494164626327264,0.22420058819934283,2.74661801235949e-13,1.4633492549103899e-15,0.008098171359878744,0.013485983967454243,0.006630979975757381,0.0024930365113080134
1.0,0.0,5,weekend_midday,ok,1952,577,0.041750525353332756,0.7806116791971548,0.2221610294955697,1.4147980268675392e-13,8.672435202510691e-15,0.006535160216748556,0.014827492797772008,0.02050624113022436,0.005329121106588409
1.0,0.0,5,weekend_evening,ok,1952,577,0.04604425723833753,0.776613872266208,0.2510790640016234,4.342701382454178e-19,1.081197710329044e-18,0.00880598759475767,0.014838112180868245,0.007582267705981377,0.0036014175049498003
1.0,0.01,1,weekday_morning,ok,2033,496,0.1307423468028075,0.7361015748565238,0.1780557749212504,4.6763593916024827e-11,3.937032842636774e-14,0.00804773555964581,0.008026516979295488,0.015954473309583522,1.8614325455789366e-21
1.0,0.01,1,weekday_evening,ok,2033,496,0.1376210017300579,0.7362313316870642,0.23059456146964916,0.00048182468650659566,1.866050505248636e-15,0.0072538778541124385,0.01167533066680493,0.012854312027645483,7.035473545287274e-29
1.0,0.01,1,weekend_midday,ok,2033,496,0.10449491217193518,0.6914851368400556,0.22138466713345156,4.878001388149555e-16,0.0014488676555941204,0.006131490775465784,0.01775491651637961,0.027161976712311978,7.676430416431793e-24
1.0,0.01,1,weekend_evening,ok,2033,496,0.1113933807663087,0.7199365350284153,0.2536526556511233,0.0006401784664808365,0.000560918285570038,0.008660377254843631,0.012383222142283075,0.011395159273567981,1.0681754909485397e-21
1.0,0.01,2,weekday_morning,ok,2007,522,0.07142816940803272,0.7141588762518677,0.17252308415389292,0.0001406676821437987,1.8396637514142123e-14,0.0018285408587427711,0.003280236668490428,0.017918262706180993,0.002788724524985447
1.0,0.01,2,weekday_evening,ok,2007,522,0.05680741198452371,0.6558244858918602,0.2236727865952884,2.3966019644355456e-07,4.2492929016580044e-32,0.0015067599093917992,0.01089552091733063,0.010325351910284943,0.0003757645156588724
1.0,0.01,2,weekend_midday,ok,2007,522,0.03342527304673506,0.7051979548868391,0.21696756883149212,1.1937602438750463e-17,8.040912356421263e-24,2.1926801237656227e-23,0.01561095633681884,0.02607186159766047,0.002123048453923228
1.0,0.01,2,weekend_evening,ok,2007,522,0.05970103523697199,0.6728062911337771,0.24552247236220734,5.283379076767556e-12,2.2784469616154415e-19,0.003228783866315761,0.010127022026308573,0.011515417664300946,0.0027129751562662324
1.0,0.01,3,weekday_morning,ok,2051,478,0.033906771667006265,0.754171249181883,0.17115674030754333,2.724708923662515e-17,3.2162281367325998e-21,0.011111062401001905,0.01175821912857148,0.01091955616564773,0.003659256113671211
1.0,0.01,3,weekday_evening,ok,2051,478,-0.031266269855366534,0.7081787445132904,0.22029981509843952,6.641451771672328e-15,9.345773601863968e-21,0.011467117160153743,0.018214464138348853,0.005777430118700087,0.0019092772163431119
1.0,0.01,3,weekend_midday,ok,2051,478,-0.0019067627922823224,0.7184997355607662,0.2171291326522497,3.0080919186923155e-18,1.024775280953692e-21,0.009771961214184463,0.022831150507857324,0.018464665236904886,0.0022485192194253937
1.0,0.01,3,weekend_evening,ok,2051,478,-0.028289880049195776,0.7096385426565729,0.24568803111996868,5.955832436162381e-19,1.944920153515576e-22,0.012346168169316907,0.01918985357573461,0.001971476618818843,0.003092738722763569
1.0,0.01,4,weekday_morning,ok,2073,456,-0.11037260636863071,0.8363080292049783,0.17556082527919833,0.00025374363619608845,2.786101703270704e-18,0.010986214584004428,0.0034123535092229354,0.005047928526483076,0.0023995931126047933
1.0,0.01,4,weekday_evening,ok,2073,456,-0.07765729519365656,0.7736214301644244,0.227177972095704,0.0002319257397331873,1.4983048313237515e-14,0.01151427558448651,0.006020816116541589,1.406826143239417e-12,0.0004530981923633951
1.0,0.01,4,weekend_midday,ok,2073,456,-0.07966558423302009,0.8406408097656471,0.22427195143512277,9.454608750878657e-05,4.885466414014235e-19,0.009019661952378015,0.013384614340459951,0.015142798223120103,4.175429342067971e-05
1.0,0.01,4,weekend_evening,ok,2073,456,-0.08040720639126751,0.7945444120471321,0.2523015765250396,0.00010981234640545937,3.080489129926986e-15,0.012996551571660324,0.008187780468644728,9.157867553136413e-18,0.0008554269512934335
1.0,0.01,5,weekday_morning,ok,1952,577,0.05080470115475788,0.8163876803744582,0.17655404865761357,1.1189033532832417e-16,4.1718775663652547e-17,0.007210267349842747,0.012580129196097108,0.006703392398370605,0.0045139019812277265
1.0,0.01,5,weekday_evening,ok,1952,577,0.0681616531559677,0.7494164530289683,0.2242006430997532,2.7478525701923896e-13,1.464256818453329e-15,0.008098193832307612,0.013485752574530814,0.0066306140327323975,0.0024930499383427657
1.0,0.01,5,weekend_midday,ok,1952,577,0.04173614703080624,0.7806117158235434,0.22216114465915113,1.4168444930773424e-13,8.69043195851259e-15,0.0065352111266724884,0.014827297976049982,0.020504964233180756,0.0053291072626121165
1.0,0.01,5,weekend_evening,ok,1952,577,0.04604425723833753,0.7766138090131979,0.25107912617075123,4.345427330313452e-19,1.0822920832041488e-18,0.008806013771217312,0.014837860530039345,0.007581845853251231,0.0036014244084794493
1.0,0.1,1,weekday_morning,ok,2033,496,0.1307423468028075,0.7361022609707354,0.17805643147192135,4.85521361088231e-11,4.0691831425779867e-14,0.00804774393304796,0.008026581009953472,0.01594704397968348,1.9203105132285495e-21
1.0,0.1,1,weekday_evening,ok,2033,496,0.13769754261545725,0.7362321823179773,0.23059515010158457,0.0004820463965327489,1.908052930398416e-15,0.007254063479070184,0.01167378997046506,0.012848324344261225,7.154762335850528e-29
1.0,0.1,1,weekend_midday,ok,2033,496,0.10516147660301359,0.6914870360423115,0.2213857853814555,4.777925872318016e-16,0.0014515473142861649,0.0061317652226159525,0.017752473221113504,0.027148710742794357,7.639717717371326e-24
1.0,0.1,1,weekend_evening,ok,2033,496,0.1114020770710222,0.7199381302096529,0.2536532040360843,0.0006402153337122558,0.000562357255659335,0.00866041192357805,0.012381317414887892,0.011389768485197165,1.0259807706601811e-21
1.0,0.1,2,weekday_morning,ok,2007,522,0.07142816940803272,0.7141581023926249,0.17252373904627188,0.0001407750156639323,1.828577134527725e-14,0.0018285944473604133,0.0032806996422866347,0.017909133529106933,0.0027887725881360014
1.0,0.1,2,weekday_evening,ok,2007,522,0.05676677806868154,0.655824107919202,0.22367321177604768,3.24419872173723e-07,4.2438976308305556e-32,0.0015071195720268978,0.010894188223208312,0.01032071667812514,0.0003761315534547079
1.0,0.1,2,weekend_midday,ok,2007,522,0.04672441302811626,0.70519732945328,0.2169686127347495,1.265884331606744e-17,8.489330280017605e-24,2.2768603682910366e-23,0.015610724215383655,0.026059579912143357,0.0021237258281914823
1.0,0.1,2,weekend_evening,ok,2007,522,0.05970103523697199,0.6728060074927315,0.24552295508070374,5.473170158454553e-12,2.3485493831060325e-19,0.0032289389543686403,0.010126432602903223,0.01151025737953143,0.0027132439219515886
1.0,0.1,3,weekday_morning,ok,2051,478,0.0302828717198018,0.7541700851962668,0.1711572529864437,2.826163062646905e-17,3.3331538952762506e-21,0.01111093377946282,0.011757639419669208,0.010914457350856652,0.0036595414677081084
1.0,0.1,3,weekday_evening,ok,2051,478,-0.031266269855366534,0.7081781103653536,0.22030022321190323,6.791404749811042e-15,9.53878358738833e-21,0.011466995995110214,0.0182126493575377,0.005775600113160795,0.0019097473883022441
1.0,0.1,3,weekend_midday,ok,2051,478,-0.0019067627922823224,0.718497967269271,0.21712995982458133,3.1137001322173177e-18,1.0605200516277578e-21,0.009772076659622165,0.022829580146932836,0.01845608400985176,0.0022493080483595982
1.0,0.1,3,weekend_evening,ok,2051,478,-0.028289880049195776,0.7096382474798575,0.24568834106591245,6.087549881939583e-19,1.9869467497956616e-22,0.012345996789736715,0.019187691503760377,0.001971859803051648,0.0030930830393940635
1.0,0.1,4,weekday_morning,ok,2073,456,-0.11037260636863071,0.8363082478040971,0.17556108917754995,0.0002537983616595577,2.7778400236453288e-18,0.010985953446637843,0.0034122130938931904,0.005045282107895663,0.0023996203056301595
1.0,0.1,4,weekday_evening,ok,2073,456,-0.07765729519365656,0.7736214042904153,0.22717810988193865,0.0002319788132444075,1.495793421749347e-14,0.011514011790946774,0.006019962811242308,1.4060149955435952e-12,0.00045327565063073034
1.0,0.1,4,weekend_midday,ok,2073,456,-0.07966558423302009,0.8406409534624188,0.22427262351545457,9.475167308541972e-05,4.676658437342789e-19,0.009019664059738721,0.013383048286887097,0.01513483296721195,4.224403845141894e-05
1.0,0.1,4,weekend_evening,ok,2073,456,-0.0803976998426753,0.7945444442565579,0.25230175034215063,0.00010988782718025161,3.064542223348703e-15,0.012996280773933402,0.008186576197316022,9.112553642601713e-18,0.0008556339715964125
1.0,0.1,5,weekday_morning,ok,1952,577,0.05065806180186136,0.8163873879204964,0.17655454182944885,1.136093418556746e-16,4.267562764227001e-17,0.007210489519410707,0.012578243253192279,0.006700006304568349,0.0045138339986234705
1.0,0.1,5,weekday_evening,ok,1952,577,0.0681616531559677,0.7494163666196297,0.22420113703590322,2.7589849060409946e-13,1.4724472196668264e-15,0.008098395975051584,0.013483670347077762,0.006627322621081356,0.0024931707337612153
1.0,0.1,5,weekend_midday,ok,1952,577,0.04167833571360652,0.7806120453526639,0.2221621806348929,1.4353885390694665e-13,8.85404964935077e-15,0.006535669109986041,0.014825544441808025,0.020493479655194165,0.005328982671205315
1.0,0.1,5,weekend_evening,ok,1952,577,0.04604425723833753,0.7766132398602487,0.25107968550149184,4.3700306544111055e-19,1.0921890407394043e-18,0.008806249237015559,0.014835595997474514,0.007578051577859825,0.003601486495054762
1.0,1.0,1,weekday_morning,ok,2033,496,0.11152950387406077,0.7361090919359595,0.17806296952745518,8.053331104594589e-17,1.40924764700807e-20,0.008047822524795887,0.00802717464995816,0.015873155660950426,5.243131179978333e-29
1.0,1.0,1,weekday_evening,ok,2033,496,0.1377083274914986,0.7362406602434353,0.23060101259199678,0.0004842577631701953,2.386047527853705e-15,0.007255909030530132,0.011658392029605238,0.012788771876185906,8.476368866536522e-29
1.0,1.0,1,weekend_midday,ok,2033,496,0.10123124553225046,0.6915059373325091,0.2213969162963998,3.9809473279213616e-16,0.0014782171094501772,0.0061344966519408075,0.017728081716478244,0.027016796123985738,7.29796537455541e-24
1.0,1.0,1,weekend_evening,ok,2033,496,0.11132416539993226,0.7199540002570874,0.25365866617458954,0.0006405920422678657,0.0005766387994414147,0.008660756458467554,0.012362304566848129,0.011336163605910098,6.781891467926709e-22
1.0,1.0,2,weekday_morning,ok,2007,522,0.0714742374663427,0.7141504110987578,0.17253025421913692,0.0001418451767515798,1.7214232618256398e-14,0.001829132196288982,0.0032852613539906535,0.017818365729523344,0.0027892447542013834
1.0,1.0,2,weekday_evening,ok,2007,522,0.05672888433248955,0.6558200163960348,0.22367745655377885,1.8265013200638457e-06,2.4436391198737837e-28,0.001511227391398941,0.010877827093114653,0.010273664916424341,0.0003792983779826136
1.0,1.0,2,weekend_midday,ok,2007,522,0.05941598431176023,0.7051911183442036,0.21697900648559434,2.272145823172276e-17,1.457210867819115e-23,3.243995328254982e-23,0.015608310622075294,0.02593745546370304,0.0021304777132688064
1.0,1.0,2,weekend_evening,ok,2007,522,0.05962799173366894,0.6728031885707787,0.24552776292218595,7.781606583400464e-12,3.175020117306273e-19,0.0032304879024548754,0.010120508244744107,0.011458941411974443,0.002715920898758981
1.0,1.0,3,weekday_morning,ok,2051,478,0.01659366795474355,0.7541585078021836,0.17116236223676387,4.069897897565725e-17,4.7586002948398774e-21,0.011109642119057983,0.011751813427292673,0.010863775483330273,0.0036623807803897084
1.0,1.0,3,weekday_evening,ok,2051,478,-0.03140869330467262,0.7081717886833038,0.2203042966008845,8.486825421199603e-15,1.1696182283454595e-20,0.011465780760687175,0.01819451521566531,0.005757398729828624,0.0019144368451166223
1.0,1.0,3,weekend_midday,ok,2051,478,-0.0022559041931313403,0.7184803724892425,0.21713820178789092,4.393195886239744e-18,1.4928422829281898e-21,0.009773220047666873,0.02281383772365106,0.01837078376684981,0.0022571685991530015
1.0,1.0,3,weekend_evening,ok,2051,478,-0.028289880049195776,0.7096352939613241,0.2456914397466205,7.573693121205055e-19,2.4596635693136835e-22,0.012344281398497794,0.019166105482516415,0.00197565281234883,0.003096518477304474
1.0,1.0,4,weekday_morning,ok,2073,456,-0.11012653374448439,0.8363104202041137,0.17556371835315898,0.0002543439471529805,2.6974436774237034e-18,0.01098334156266713,0.003410797961691018,0.0050189820041399765,0.002399888635582907
1.0,1.0,4,weekday_evening,ok,2073,456,-0.07765729519365656,0.7736211453519872,0.2271794865267538,0.00023250862113734187,1.470923605227884e-14,0.011511373261465138,0.006011446378275932,1.3979680757564894e-12,0.0004550466203190812
1.0,1.0,4,weekend_midday,ok,2073,456,-0.07965006738753558,0.8406423878835274,0.22427931374378976,9.680098670169745e-05,3.0191033076708612e-19,0.009019678026280661,0.013367377078623897,0.0150556679524098,4.713485088689108e-05
1.0,1.0,4,weekend_evening,ok,2073,456,-0.0803976998426753,0.7945447650394217,0.2523034868365258,0.00011064130765581092,2.90952962989969e-15,0.012993571566035218,0.008174557028499342,8.67149732114899e-18,0.0008576994793210584
1.0,1.0,5,weekday_morning,ok,1952,577,0.05150165409808923,0.8163844682164014,0.17655945686618432,1.3226634362559283e-16,5.3525546615529466e-17,0.007212700707723915,0.012559409426982943,0.006666356613710744,0.00451315159100012
1.0,1.0,5,weekday_evening,ok,1952,577,0.06831201225159092,0.7494155049445577,0.2242060598981401,2.8724407504398863e-13,1.5565959577237474e-15,0.008100406636806792,0.01346287867300759,0.006594612653555032,0.002494373951519186
1.0,1.0,5,weekend_midday,ok,1952,577,0.04160285809796948,0.780615329955856,0.2221724915368931,1.6338341022856406e-13,1.0664512251140266e-14,0.006540228638277636,0.014807995727268855,0.0203793710523687,0.005327737167079502
1.0,1.0,5,weekend_evening,ok,1952,577,0.04592120218533672,0.7766075605940851,0.25108525996004444,4.623160071067579e-19,1.1959310346360846e-18,0.008808591824972123,0.014812982870878247,0.007540344800716843,0.003602102891149297
1.0,10.0,1,weekday_morning,ok,2033,496,0.12851908600590234,0.7361745537826377,0.17812574446516322,1.532561269487655e-13,1.2458891461862216e-17,0.008048117327121091,0.008028714509618938,0.015172614521280133,3.5534104305491036e-26
1.0,10.0,1,weekday_evening,ok,2033,496,0.13785290845579054,0.7363227255284356,0.23065737106309966,0.0005058161728944475,2.4277552436886376e-14,0.0072733306871996225,0.011505414032369116,0.01222396751401152,5.178689782210887e-28
1.0,10.0,1,weekend_midday,ok,2033,496,0.10344871486744171,0.6916862931061155,0.22150333777404813,1.0000032179479565e-15,0.0017327899623777918,0.006160560036156128,0.017488302602988105,0.025768123708169957,1.1393804607830895e-23
1.0,10.0,1,weekend_evening,ok,2033,496,0.10890913939222353,0.7201049690541743,0.2537112258530542,0.0006450985403673197,0.0007092935285355291,0.008663973100205263,0.012175565466719662,0.010828746405998745,1.4820040225365595e-16
1.0,10.0,2,weekday_morning,ok,2007,522,0.07200560893095051,0.7140779719681699,0.17259221434956093,0.00015224146458965124,9.470596442871236e-15,0.0018346610748433744,0.0033245450213677127,0.01696017698063227,0.0027931623705986564
1.0,10.0,2,weekday_evening,ok,2007,522,0.05624518303226151,0.6557803678310631,0.2237181921562886,1.788712970804961e-05,3.3916906673840316e-22,0.0015522573720278623,0.010709025611065251,0.009825697720526572,0.0004088455383366705
1.0,10.0,2,weekend_midday,ok,2007,522,0.01850502677367664,0.705133083950368,0.2170786504516743,7.511991451340581e-15,3.0193227095154625e-21,9.793715959085876e-21,0.0155755971871366,0.024781630393741077,0.002195880948093713
1.0,10.0,2,weekend_evening,ok,2007,522,0.06118825182506562,0.6727766572697873,0.24557400731950682,1.0469552932048106e-15,9.592236576021634e-25,0.0032457647047933183,0.01005852376227781,0.01097289193849317,0.0027416577634489722
1.0,10.0,3,weekday_morning,ok,2051,478,0.020716920421396345,0.7540486223890569,0.17121179504585263,1.4323220337162417e-15,1.507478865214081e-19,0.011096209395343526,0.011690914799445434,0.010385781367519881,0.003689414085627551
1.0,10.0,3,weekday_evening,ok,2051,478,-0.03192713939381444,0.7081104532833461,0.22034428809573517,7.565810458093816e-14,8.532377998521565e-20,0.011453282486186407,0.018014586348704724,0.005584685515938635,0.001960137328040322
1.0,10.0,3,weekend_midday,ok,2051,478,-0.007176117983972362,0.718312744593936,0.2172178035061704,1.2691468105248113e-16,4.1591372302831416e-20,0.009783596545956405,0.02265293785434172,0.01756597479912704,0.002333110948579459
1.0,10.0,3,weekend_evening,ok,2051,478,-0.02786386176626197,0.7096056142946862,0.24572233926022577,6.525063986671713e-18,2.0064508497389335e-21,0.012326968804121805,0.01895363600586328,0.0020099479316515374,0.0031301074924668104
1.0,10.0,4,weekday_morning,ok,2073,456,-0.1098818879742152,0.836330864897434,0.17558908445844948,0.00025964081243553736,2.08267046075052e-18,0.010957176722297391,0.003395647271120578,0.004771407724489456,0.002402229210566781
1.0,10.0,4,weekday_evening,ok,2073,456,-0.07727067607990679,0.7736185368418695,0.22719313322489684,0.00023771581445204346,1.2450839863993426e-14,0.011484931708313755,0.005927910853162887,1.3238126739555937e-12,0.0004724017134497118
1.0,10.0,4,weekend_midday,ok,2073,456,-0.07865311873068725,0.8406566147306918,0.2243433612067966,0.00011668614344093258,5.066801862866344e-15,0.00901919535323153,0.013210065792348567,0.014309965223579328,9.470791218934523e-05
1.0,10.0,4,weekend_evening,ok,2073,456,-0.08050014633517995,0.7945478446335978,0.2523206869404071,0.00011804597890098307,1.7312033138738707e-15,0.012966361049024988,0.008056672871225412,5.277898302194176e-18,0.0008778941754973135
1.0,10.0,5,weekday_morning,ok,1952,577,0.05211090483241218,0.8163557540665286,0.17660702353053348,5.822449129669347e-16,5.043575228994321e-16,0.007233796443276962,0.012373663064780178,0.006349689456600395,0.004506071647727288
1.0,10.0,5,weekday_evening,ok,1952,577,0.06852198920981493,0.7494071246700451,0.2242537210039908,4.244221860027441e-13,2.661434604524072e-15,0.008119471908588,0.013258039442479552,0.0062866788916151085,0.0025059379237546524
1.0,10.0,5,weekend_midday,ok,1952,577,0.041251669406665296,0.7806471465689521,0.2222709939285887,5.668379484710177e-13,6.561692699828915e-14,0.006583878069061164,0.014631506371720065,0.019307441786911485,0.005315301633575078
1.0,10.0,5,weekend_evening,ok,1952,577,0.04653419124534889,0.7765519681036172,0.25113921447717513,8.002436762380429e-19,2.882104669673346e-18,0.008830850410240646,0.014590098752483236,0.007185429671906176,0.003607824614876978
3.0,0.0,1,weekday_morning,ok,2033,496,0.10965011748506359,0.7356575225088433,0.1766067736122157,8.241964690048615e-20,8.448265510284819e-22,0.0028400660565162466,0.00276395954592236,1.1491291449254023e-12,8.169569217131175e-17
3.0,0.0,1,weekday_evening,ok,2033,496,0.1704455386051396,0.7351271462676043,0.22918190039535535,7.595561761123696e-14,2.849162720963503e-16,0.002605317641375401,0.0035752111021077632,1.0433051499534391e-16,0.0003695820347819355
3.0,0.0,1,weekend_midday,ok,2033,496,0.09159109792059499,0.6900790094259521,0.2197403227655157,2.0306118353285635e-16,1.0787446245384326e-16,0.002567719312221759,0.005505078237078279,0.002132117848133991,1.4363826067468238e-20
3.0,0.0,1,weekend_evening,ok,2033,496,0.13038673363181463,0.7186361956011991,0.2518129343145467,1.4135335913645212e-18,1.1014741965559052e-20,0.0028851854887437097,0.004475002689693755,1.4602421023322435e-22,0.0001671287521082511
3.0,0.0,2,weekday_morning,ok,2007,522,0.06088446088427731,0.7090408101325223,0.1712812572702392,0.0001566454427198112,0.0002223318732724942,0.0011849949522863728,2.404338377736495e-11,0.003207219560615981,0.0008348592384540294
3.0,0.0,2,weekday_evening,ok,2007,522,0.10101977237160441,0.6518970570654041,0.22304547125924282,0.000144849339119649,3.416109610690709e-26,0.001991260026786995,0.0006417019433693066,5.294518296656409e-16,0.0003155994634473624
3.0,0.0,2,weekend_midday,ok,2007,522,0.042003993899434565,0.701358087967448,0.21614323501109658,0.0002699091834172015,4.178297302666754e-13,0.0006875563933233414,0.0028298505902773475,0.003887214262323118,0.0007795006471411459
3.0,0.0,2,weekend_evening,ok,2007,522,0.0824918515082118,0.6691698701989067,0.24515571894216284,5.596948725516728e-05,1.5577123535810926e-23,0.0020272516900735104,0.0009949264266391198,6.87923331784796e-19,0.0010583262383865762
3.0,0.0,3,weekday_morning,ok,2051,478,-0.01991820331723126,0.7524792907423169,0.16799627037213663,0.00011869549158916135,2.383391963469264e-13,0.003412703290275211,0.0037282911469292564,0.0005651115124052915,0.0009685014456212901
3.0,0.0,3,weekday_evening,ok,2051,478,-0.05376127170512634,0.705342491982185,0.21745459169524897,5.8219583419266266e-05,2.234219815421446e-17,0.003555166504611791,0.004522835416422438,8.051407258769734e-15,0.0006147804515962321
3.0,0.0,3,weekend_midday,ok,2051,478,-0.02775897572591339,0.7174092309531828,0.21335061117553625,0.0002905352094657044,3.8912319168388407e-17,0.003359029279616654,0.0057170243230633905,0.0024279300502499388,0.00045563169739180556
3.0,0.0,3,weekend_evening,ok,2051,478,-0.047920759442583914,0.7074836310074151,0.24223878304248897,9.492996451414466e-19,2.814498322833515e-26,0.003698597904570196,0.00537015493679182,1.0593190316071576e-24,0.0008901444582377178
3.0,0.0,4,weekday_morning,ok,2073,456,-0.0566317724635926,0.8331448758560449,0.1726222740681446,8.872727514611374e-05,1.1349209197549155e-14,0.002742811804523651,0.002431012969427463,0.0012930887021006235,0.0006598533316809365
3.0,0.0,4,weekday_evening,ok,2073,456,-0.0399389988294945,0.7703222610210356,0.22453182027777213,2.263636990285601e-06,1.2905096685763023e-28,0.0028881560618175405,0.002817362715507213,1.6822284883298686e-25,0.000419478087161575
3.0,0.0,4,weekend_midday,ok,2073,456,-0.05893582006018174,0.8380731116863012,0.22131177981329192,0.0002451842995682154,3.07195853439338e-22,0.0026072083646954494,0.004348864840971441,0.0012657892081611145,0.00012757679496936457
3.0,0.0,4,weekend_evening,ok,2073,456,-0.05202002411358388,0.7908531828566187,0.24929051905536725,5.255793545344808e-18,3.222708350601091e-23,0.003141720412190497,0.0036454847029362045,5.164871612746623e-23,0.0005137256577779378
3.0,0.0,5,weekday_morning,ok,1952,577,0.042194597565473925,0.8140124816895199,0.17337120450003568,0.00016473252384720084,2.1044494151622086e-15,0.0024799097301508,0.004413801877709818,1.7964171660693647e-24,0.0006616666434549995
3.0,0.0,5,weekday_evening,ok,1952,577,0.023803499730898226,0.7481681821307608,0.22154353225390605,3.067759790459869e-16,5.639913986324627e-22,0.0025636800298639278,0.004619504091157154,3.0887758902137943e-20,0.00048392000279399544
3.0,0.0,5,weekend_midday,ok,1952,577,-0.003749489556255138,0.7786870998736585,0.2193409686017205,0.00015698397821358877,1.0213211563746627e-13,0.002435103716212381,0.005529914570367911,0.0011939912873124737,0.0003642124439549965
3.0,0.0,5,weekend_evening,ok,1952,577,0.007871929267677083,0.7766351908582462,0.2481290026351034,2.416671312874734e-19,3.630371712182712e-22,0.002664778899421648,0.00552362282098669,3.6559557966253504e-21,0.0006469854304612505
3.0,0.01,1,weekday_morning,ok,2033,496,0.10965011748506359,0.7356575240679122,0.17660677545924244,8.243423276191885e-20,8.4497768080348895e-22,0.0028400658160061564,0.0027639574853821065,1.1493875717725513e-12,8.171239230810669e-17
3.0,0.01,1,weekday_evening,ok,2033,496,0.1704455386051396,0.7351271495387757,0.22918190228665378,7.59589951609044e-14,2.8492909848817553e-16,0.0026053173310102897,0.0035752077768589417,1.0433513498001078e-16,0.0003695843576008871
3.0,0.01,1,weekend_midday,ok,2033,496,0.09159109792059499,0.6900790123102649,0.2197403283116399,2.0315406396030126e-16,1.0792670515215467e-16,0.0025677196480098563,0.005505074883023543,0.0021321091865911775,1.436983371657804e-20
3.0,0.01,1,weekend_evening,ok,2033,496,0.13038673363181463,0.7186361997136478,0.25181293649955616,1.4129898387564477e-18,1.1010405852753986e-20,0.0028851850959864477,0.004474998280678702,1.4596785189009167e-22,0.00016713253656980322
3.0,0.01,2,weekday_morning,ok,2007,522,0.06088446088427731,0.7090408131352687,0.17128126403678323,0.00015664592251783056,0.0002223328693916707,0.0011849953979801754,2.4043419103747517e-11,0.003207195089545677,0.0008348590921494589
3.0,0.01,2,weekday_evening,ok,2007,522,0.10101977237160441,0.6518970587452401,0.2230454723150994,0.00014484943944117164,3.412414367425012e-26,0.0019912592818204615,0.000641700887201478,5.295020177119342e-16,0.00031559966319000417
3.0,0.01,2,weekend_midday,ok,2007,522,0.042003993899434565,0.7013580916360226,0.21614324318883138,0.0002699100932957989,4.179144701906127e-13,0.0006875575513263703,0.0028298479527019394,0.00388718744806837,0.0007795006694125417
3.0,0.01,2,weekend_evening,ok,2007,522,0.0824918515082118,0.6691698713179873,0.2451557202051926,5.5969683050154434e-05,1.5574990788723903e-23,0.002027251152725978,0.0009949244721695035,6.878761933950936e-19,0.0010583260856255833
3.0,0.01,3,weekday_morning,ok,2051,478,-0.01991820331723126,0.7524792918701425,0.16799627280186852,0.00011869584227317947,2.3836122815116767e-13,0.0034127029789902826,0.0037282875057109265,0.0005651105387973606,0.0009685013832632345
3.0,0.01,3,weekday_evening,ok,2051,478,-0.05376127170512634,0.7053424928684265,0.21745459418621532,5.821997809850125e-05,2.2341088686050483e-17,0.0035551661572403737,0.004522830833839853,8.051039084575882e-15,0.0006147806076404179
3.0,0.01,3,weekend_midday,ok,2051,478,-0.02775897572591339,0.7174092250672502,0.21335061707410635,0.0002905359416643067,3.891539964068834e-17,0.003359029576779921,0.0057170194936357185,0.0024279163409497485,0.0004556322124453208
3.0,0.01,3,weekend_evening,ok,2051,478,-0.047920759442583914,0.7074836297810699,0.24223878639127705,9.494981329455424e-19,2.8150522973227183e-26,0.0036985975089861844,0.005370150879074499,1.0595298053802713e-24,0.0008901449782750737
3.0,0.01,4,weekday_morning,ok,2073,456,-0.0566317724635926,0.83314487749398,0.17262227739209093,8.872765568962496e-05,1.1349160123818544e-14,0.0027428117869445602,0.002431011119278359,0.0012930801641276885,0.000659853418112575
3.0,0.01,4,weekday_evening,ok,2073,456,-0.0399389988294945,0.7703222622247877,0.22453182186472698,2.2638791648665505e-06,1.2898983572574636e-28,0.0028881557608027787,0.0028173598784413103,1.6814276102499788e-25,0.0004194782758716984
3.0,0.01,4,weekend_midday,ok,2073,456,-0.05893582006018174,0.8380731133492699,0.2213117834825833,0.0002451848031519296,3.0718706868429745e-22,0.00260720840542662,0.004348860813355234,0.0012657818756562414,0.00012757728226210586
3.0,0.01,4,weekend_evening,ok,2073,456,-0.05202002411358388,0.7908531837088798,0.24929052128724694,5.256156603316711e-18,3.222935424212659e-23,0.003141720079472411,0.0036454819218995453,5.1652199342793235e-23,0.000513726170953045
3.0,0.01,5,weekday_morning,ok,1952,577,0.042194597565473925,0.8140124804028434,0.17337120710636186,0.00016473280083614632,2.1057011112757735e-15,0.002479909749141701,0.004413796767022843,1.797316563027442e-24,0.0006616668030151449
3.0,0.01,5,weekday_evening,ok,1952,577,0.023803499730898226,0.7481681802404802,0.22154353546920702,3.067969304969271e-16,5.640307596361897e-22,0.002563680035304205,0.004619499188640143,3.088991996449969e-20,0.0004839204872752388
3.0,0.01,5,weekend_midday,ok,1952,577,-0.003749489556255138,0.7786871023413067,0.2193409731417275,0.00015698445822928355,1.0213547099966814e-13,0.0024351040620213143,0.005529908496850064,0.001193984488034551,0.0003642128635464048
3.0,0.01,5,weekend_evening,ok,1952,577,0.007871929267677083,0.7766351854597145,0.2481290064211483,2.4167732402670115e-19,3.630554349259489e-22,0.0026647789772296917,0.005523616932000868,3.656140175507006e-21,0.0006469859533034071
3.0,0.1,1,weekday_morning,ok,2033,496,0.10965011748506359,0.7356575380994568,0.1766067920823943,8.25656172553826e-20,8.463390320699099e-22,0.002840063651403534,0.002763938940672086,1.1517159606201791e-12,8.186284222820744e-17
3.0,0.1,1,weekday_evening,ok,2033,496,0.1704455386051396,0.735127178978338,0.22918191930830914,7.598940112080996e-14,2.8504456773827145e-16,0.0026053145377749475,0.003575177850095941,1.043767255016565e-16,0.000369605262035994
3.0,0.1,1,weekend_midday,ok,2033,496,0.09150264133862863,0.6900790382679938,0.2197403782252943,2.0399186354274203e-16,1.0839800631173005e-16,0.0025677226699112286,0.00550504469624926,0.002132031237309953,1.442400901692313e-20
3.0,0.1,1,weekend_evening,ok,2033,496,0.13038673363181463,0.7186362367243851,0.25181295616462557,1.4081051401376917e-18,1.0971454861060289e-20,0.0028851815612537545,0.0044749586002261225,1.4546157239960395e-22,0.00016716659527555588
3.0,0.1,2,weekday_morning,ok,2007,522,0.06088446088427731,0.7090408401588372,0.17128132493136083,0.00015665024038609958,0.0002223418337472891,0.0011849994086029624,2.404373811845772e-11,0.00320697486706552,0.0008348577753528173
3.0,0.1,2,weekday_evening,ok,2007,522,0.10101977237160441,0.6518970738636833,0.22304548181774023,0.0001448503423156506,3.3791267483406184e-26,0.0019912525771265312,0.0006416913819364199,5.299538002912608e-16,0.0003156014608433895
3.0,0.1,2,weekend_midday,ok,2007,522,0.042003993899434565,0.7013581246511348,0.21614331678374593,0.0002699182819322502,4.186778549599894e-13,0.0006875679728926363,0.0028298242118277553,0.003886946138697776,0.0007795008698432676
3.0,0.1,2,weekend_evening,ok,2007,522,0.0824918515082118,0.6691698813896441,0.2451557315723596,5.597144516687938e-05,1.55404347614226e-23,0.002027246316562426,0.000994906882416562,6.875302718044589e-19,0.0010583247107565905
3.0,0.1,3,weekday_morning,ok,2051,478,-0.01991820331723126,0.7524793020206237,0.16799629466922875,0.00011869899839134466,2.385596093744891e-13,0.003412700177392629,0.0037282547350624812,0.000565101776787346,0.0009685008220159175
3.0,0.1,3,weekday_evening,ok,2051,478,-0.05376127170512634,0.7053425008444826,0.21745461660475812,5.82235301747963e-05,2.233110588913963e-17,0.0035551630308793335,0.004522789591039655,8.047726261261461e-15,0.000614782012005118
3.0,0.1,3,weekend_midday,ok,2051,478,-0.02775897572591339,0.7174091720982537,0.21335067015912432,0.0002905425312548886,3.8943130689778424e-17,0.003359032250864757,0.005716976028591148,0.002427792966162236,0.0004556368477439717
3.0,0.1,3,weekend_evening,ok,2051,478,-0.047920759442583914,0.7074836187440381,0.2422388165302035,9.512856654025081e-19,2.820044615887361e-26,0.0036985939487229444,0.005370114359919276,1.0614202612358269e-24,0.000890149658534822
3.0,0.1,4,weekday_morning,ok,2073,456,-0.0566317724635926,0.8331448922354078,0.17262230730618722,8.87310804451406e-05,1.1348718949830574e-14,0.0027428116285310652,0.0024309944677159447,0.0012930033285734799,0.0006598541959415723
3.0,0.1,4,weekday_evening,ok,2073,456,-0.0399389988294945,0.7703222730584937,0.22453183614721012,2.2660587319432424e-06,1.2844082314557524e-28,0.0028881530516635316,0.0028173343450720255,1.6742350993599607e-25,0.00041947997421707724
3.0,0.1,4,weekend_midday,ok,2073,456,-0.05893582006018174,0.8380731283163417,0.22131181650493673,0.0002451893352722784,3.0710803113248155e-22,0.002607208771826562,0.004348824564867953,0.0012657158883280703,0.000127581667815019
3.0,0.1,4,weekend_evening,ok,2073,456,-0.05202002411358388,0.7908531913791874,0.24929054137405512,5.2594271429806006e-18,3.2249841157050403e-23,0.0031417170850062477,0.003645456892781608,5.168361138960868e-23,0.000513730789466101
3.0,0.1,5,weekday_morning,ok,1952,577,0.042194597565473925,0.8140124688229718,0.17337123056308376,0.00016473529370833042,2.1169997281684578e-15,0.002479909920019184,0.0044137507714048195,1.805430307127175e-24,0.0006616682390152937
3.0,0.1,5,weekday_evening,ok,1952,577,0.023803499730898226,0.7481681632282021,0.2215435644066661,3.0698556081551247e-16,5.643851143770931e-22,0.002563680084230388,0.0046194550664878245,3.0909379194034674e-20,0.00048392484753205744
3.0,0.1,5,weekend_midday,ok,1952,577,-0.003749489556255138,0.7786871245494137,0.21934101400043435,0.00015698877822685844,1.0216567917655334e-13,0.002435107174067845,0.0055298538355375015,0.0011939232997459977,0.0003642166397885984
3.0,0.1,5,weekend_evening,ok,1952,577,0.007871929267677083,0.776635136873511,0.2481290404952528,2.4176907483562205e-19,3.632182810603355e-22,0.002664779677457074,0.005523563931729909,3.6577765128381495e-21,0.0006469906587964014
3.0,1.0,1,weekday_morning,ok,2033,496,0.10965011748506359,0.7356576784073725,0.17660695830510126,8.389058302094734e-20,8.600691326566697e-22,0.0028400420042082545,0.0027637535086453614,1.1752541200062289e-12,8.338226624254484e-17
3.0,1.0,1,weekday_evening,ok,2033,496,0.17014020869025878,0.7351274732770035,0.22918208952182786,7.62942888401553e-14,2.862026140171749e-16,0.002605286610435782,0.0035748786296131794,1.0479375637198687e-16,0.000369814213813496
3.0,1.0,1,weekend_midday,ok,2033,496,0.09172929016576596,0.6900792977378739,0.21974087721704616,2.1256004174798288e-16,1.132248305539198e-16,0.0025677528699759923,0.005504742800658271,0.002131252200021172,1.4976941536241786e-20
3.0,1.0,1,weekend_evening,ok,2033,496,0.13038673363181463,0.7186366067028087,0.25181315281378397,1.3601448422913814e-18,1.0589175373390143e-20,0.0028851462221066173,0.00447456186328653,1.404909774372653e-22,0.00016750703901621163
3.0,1.0,2,weekday_morning,ok,2007,522,0.0608909019497346,0.7090411102809518,0.17128193344992396,0.0001566933880160319,0.00022243140637947723,0.0011850394533572106,2.4047035887660192e-11,0.0032047743390550758,0.0008348446018954376
3.0,1.0,2,weekday_evening,ok,2007,522,0.10101977237160441,0.6518972250400995,0.22304557683735343,0.00014485936915751996,3.0415234009667845e-26,0.001991185530671984,0.0006415963535746599,5.34493925426275e-16,0.0003156194343681301
3.0,1.0,2,weekend_midday,ok,2007,522,0.042003993899434565,0.7013584545988074,0.2161440522680943,0.00027000014148660764,4.263840224823025e-13,0.0006876721429357698,0.0028295865365813642,0.0038845349167499752,0.0007795028729751064
3.0,1.0,2,weekend_evening,ok,2007,522,0.0824748267562229,0.6691699820992792,0.2451558452340539,5.598906255732943e-05,1.5189311922018064e-23,0.0020271979513872226,0.000994731031761039,6.841288089982064e-19,0.0010583109600817086
3.0,1.0,3,weekday_morning,ok,2051,478,-0.01991820331723126,0.7524794035304309,0.16799651332036586,0.00011873055581181528,2.405527580788224e-13,0.0034126721581213388,0.003727927059913583,0.0005650142023367161,0.0009684952070860513
3.0,1.0,3,weekday_evening,ok,2051,478,-0.05376127170512634,0.705342580593293,0.2174548407749167,5.8259047292537635e-05,2.2231517105888732e-17,0.003555131765458171,0.0045223772068993875,8.014671402992541e-15,0.0006147960523883042
3.0,1.0,3,weekend_midday,ok,2051,478,-0.028082393872845404,0.7174086428431373,0.21335120080023917,0.0002906084076849903,3.9221634337014056e-17,0.0033590589536685264,0.005716541358845991,0.0024265601001304095,0.0004556831826215169
3.0,1.0,3,weekend_evening,ok,2051,478,-0.047920759442583914,0.7074835083809649,0.2422391179029943,9.693458179870437e-19,2.8704559862560926e-26,0.0036985583453841343,0.00536974919813233,1.0805158104121077e-24,0.0008901964535634242
3.0,1.0,4,weekday_morning,ok,2073,456,-0.0566317724635926,0.8331450396509344,0.17262260630661702,8.876531453716706e-05,1.1344356752899681e-14,0.00274281002444697,0.0024308279303003775,0.0012922355865468,0.000659861968716028
3.0,1.0,4,weekday_evening,ok,2073,456,-0.0399389988294945,0.7703223813891795,0.22453197896113536,2.2878539493294753e-06,1.2306496351742994e-28,0.0028881259596318467,0.002817079033666534,1.6038160910056211e-25,0.00041949695318408694
3.0,1.0,4,weekend_midday,ok,2073,456,-0.05893582006018174,0.838073278022073,0.22131214660293547,0.000245234643309376,3.063185138949874e-22,0.0026072124179616764,0.004348462085823697,0.0012650565309695674,0.00012762551525162422
3.0,1.0,4,weekend_evening,ok,2073,456,-0.05202002411358388,0.790853268078057,0.24929074223134529,5.292240861505651e-18,3.245540174287199e-23,0.0031416871400081307,0.0036452066225846334,5.1998780648336655e-23,0.0005137769683740968
3.0,1.0,5,weekday_morning,ok,1952,577,0.042100658721750166,0.8140123530459592,0.1733714651091616,0.00016476021962628159,2.233359241635001e-15,0.002479911624771793,0.004413290871125442,1.8885832415150277e-24,0.0006616825949436022
3.0,1.0,5,weekday_evening,ok,1952,577,0.02377705766820133,0.7481679931298704,0.22154385375654906,3.088780529667094e-16,5.679405877852929e-22,0.002563680569897083,0.00461901389453551,3.110462682453746e-20,0.0004839684427387033
3.0,1.0,5,weekend_midday,ok,1952,577,-0.003738131038735964,0.778687346558689,0.21934142245333982,0.0001570319639884751,1.024687459537331e-13,0.002435138271396526,0.005529307256898815,0.0011933119324613202,0.00036425439424322254
3.0,1.0,5,weekend_evening,ok,1952,577,0.007871929267677083,0.7766346510688708,0.24812938120664207,2.426885943308127e-19,3.6485138721721126e-22,0.002664786675274366,0.005523033988557594,3.6741886566861895e-21,0.0006470377051721531
3.0,10.0,1,weekday_morning,ok,2033,496,0.1110920353008185,0.7356590807342159,0.1766086196516756,9.831476294300786e-20,1.0096921523719222e-21,0.00283982541549323,0.00276190069446538,1.437960619276167e-12,1.001687325014405e-16
3.0,10.0,1,weekday_evening,ok,2033,496,0.17028780985353179,0.7351304066031574,0.22918379135168668,7.942719421081512e-14,2.981229638012553e-16,0.0026050078361856527,0.0035718911272468175,1.0907825684186568e-16,0.0003718945084136038
3.0,10.0,1,weekend_midday,ok,2033,496,0.09051284813565715,0.690081881760101,0.21974585273520117,3.2041658690107157e-16,1.749050493891373e-16,0.002568052985689206,0.0055017210947863665,0.002123507097783179,2.1789377630576614e-20
3.0,10.0,1,weekend_evening,ok,2033,496,0.13040884857841584,0.7186402936387022,0.25181511914875754,9.594924330892248e-19,7.408544588161085e-21,0.002884793645064138,0.004470601234076703,9.899176573371808e-23,0.00017089719720524122
3.0,10.0,2,weekday_morning,ok,2007,522,0.0610239396071845,0.7090438002295576,0.1712879762430016,0.00015712178296803026,0.000223320095062657,0.0011854338021906874,2.4090707214948768e-11,0.003182937427095048,0.0008347123228170133
3.0,10.0,2,weekday_evening,ok,2007,522,0.10102317970156104,0.6518987360036198,0.2230465263551409,0.00014494944780873875,7.949214600886084e-27,0.0019905151153277127,0.0006406484920748746,5.822029881447681e-16,0.0003157988691548841
3.0,10.0,2,weekend_midday,ok,2007,522,0.04205279388144079,0.7013617339023804,0.21615136098887208,0.00027081606768504925,5.111268637913395e-13,0.0006887093015402621,0.0028271834774662194,0.0038606083556434394,0.0007795227829703436
3.0,10.0,2,weekend_evening,ok,2007,522,0.0824748267562229,0.6691709885036695,0.24515698085551083,5.6164859812040284e-05,1.1965614810693179e-23,0.0020267139473536134,0.0009929771994378206,6.515300757442955e-19,0.00105817325543464
3.0,10.0,3,weekday_morning,ok,2051,478,-0.01988042881724092,0.7524804191158451,0.1679986975933254,0.00011904575474593548,2.614481004928445e-13,0.0034123916374430583,0.003724653440969093,0.0005641429908219405,0.0009684388128933708
3.0,10.0,3,weekday_evening,ok,2051,478,-0.053737826481741746,0.7053433769078087,0.21745708095109278,5.861385432712683e-05,2.1259180838742182e-17,0.0035548189304459173,0.004518257746958182,7.691356995229264e-15,0.0006149361302592648
3.0,10.0,3,weekend_midday,ok,2051,478,-0.028200730980118827,0.7174033934489956,0.21335648644665867,0.0002912652357768404,4.212847442118912e-17,0.0033593222036925044,0.0057121927818458455,0.002414318974101369,0.00045614473098526176
3.0,10.0,3,weekend_evening,ok,2051,478,-0.047920759442583914,0.7074824054742687,0.2422421299847482,1.1697141428884559e-18,3.426113661193834e-26,0.00369820224146241,0.00536610055427563,1.2911366061399921e-24,0.0008906636477443028
3.0,10.0,4,weekday_morning,ok,2073,456,-0.056734291881036236,0.8331465139194467,0.1726255823660487,8.910631872796825e-05,1.130570448305661e-14,0.002742792004403582,0.002429160411486916,0.0012846190186523638,0.0006599391480772714
3.0,10.0,4,weekday_evening,ok,2073,456,-0.03995025266494893,0.7703234639762071,0.2245334060437158,2.505725223083146e-06,7.946996482051924e-29,0.0028878549708029307,0.0028145282508915143,1.0334545383456396e-25,0.00041966632774429114
3.0,10.0,4,weekend_midday,ok,2073,456,-0.05897855516641443,0.838074778537406,0.22131543512110255,0.0002456864152807771,2.9851055167083983e-22,0.002607247106189383,0.004344837904514552,0.0012585141311344625,0.00012806318336686188
3.0,10.0,4,weekend_evening,ok,2073,456,-0.05202002411358388,0.7908540346462797,0.24929274972590135,5.631559712717931e-18,3.4582327332237524e-23,0.0031413876564418807,0.003642706017039496,5.52550402984775e-23,0.0005142381358171439
3.0,10.0,5,weekday_morning,ok,1952,577,0.042100658721750166,0.8140111974431461,0.17337380845827563,0.000165009198753814,3.8109729869787526e-15,0.0024799282706181943,0.004408697451522052,2.958507357057147e-24,0.0006618257474998569
3.0,10.0,5,weekday_evening,ok,1952,577,0.024716472722335184,0.7481662945884923,0.22154674478729405,3.2843552453372984e-16,6.047072015443278e-22,0.0025636850675029997,0.004614607126424673,3.312396401377488e-20,0.0004844036595793419
3.0,10.0,5,weekend_midday,ok,1952,577,-0.0038124807797042947,0.778689559523975,0.21934549366475262,0.00015746241010660523,1.0560016354328111e-13,0.002435446947660949,0.0055238449434461025,0.0011872493615573336,0.0003646311446000998
3.0,10.0,5,weekend_evening,ok,1952,577,0.007871929267677083,0.7766297987553715,0.24813278535823272,2.520691585192879e-19,3.8157752294907823e-22,0.002664856208340686,0.005517740503742812,3.842304078997062e-21,0.0006475073146121603
5.0,0.0,1,weekday_morning,ok,2033,496,0.10533709054136328,0.7341423164776504,0.17579654559290186,1.1362148846530253e-15,1.6211103942954115e-17,0.0015807872247384465,0.0013542070393721233,1.6048363818496797e-14,1.1706675462082042e-12
5.0,0.0,1,weekday_evening,ok,2033,496,0.12253137956359028,0.7345636585029605,0.22846996115065266,3.5806980139028684e-19,1.0376529556039946e-21,0.0014554529838192696,0.001498980364819225,2.7749774262455826e-22,0.0005439212220466943
5.0,0.0,1,weekend_midday,ok,2033,496,0.07120858763034119,0.6895623018402368,0.21935924400739804,6.096949788334164e-05,2.278012104065971e-15,0.0015433263878019475,0.0025505372503367833,7.263436996724286e-05,2.2010194312196994e-15
5.0,0.0,1,weekend_evening,ok,2033,496,0.08100117488655341,0.7187707597331607,0.2508981528941351,9.756855083184514e-14,8.1894182070500925e-16,0.0016007212228950445,0.0019394332765710618,1.0487625362125506e-16,0.0006405291362371543
5.0,0.0,2,weekday_morning,ok,2007,522,0.08319333688190923,0.7055715921702865,0.1695755892666239,6.59918969527772e-05,0.00021568028189553138,0.001311769206188362,4.616347636916997e-19,0.0015392766490384228,0.0002523948479071946
5.0,0.0,2,weekday_evening,ok,2007,522,0.11190857227881344,0.6531583933056129,0.2212692787360097,5.58250750602099e-05,1.6492267286568822e-15,0.002011298886817071,2.4083779288493636e-12,2.7380428738993364e-15,1.7256865174068573e-12
5.0,0.0,2,weekend_midday,ok,2007,522,0.06927172328161109,0.6982291939901488,0.21496914823943,0.00018063303979935774,7.345548973821165e-05,0.0010764334268857873,0.0008884129092747727,0.0014564922126804717,0.00037442909073892247
5.0,0.0,2,weekend_evening,ok,2007,522,0.10602359149349773,0.6689891191383799,0.2435260438383731,3.938092843803964e-06,3.0572812012646375e-16,0.0020360718938761814,1.2551130319130226e-15,6.767463171278597e-22,0.00046152361237636867
5.0,0.0,3,weekday_morning,ok,2051,478,-0.026047218685409202,0.7516079958751569,0.16700301141018717,0.00010751596938605502,5.00747361393617e-06,0.0017073235759570177,0.0016311597841618525,0.0008112227108601108,0.000642702811590971
5.0,0.0,3,weekday_evening,ok,2051,478,-0.06652709209873224,0.7022638570414655,0.21720076182782938,7.365690710069766e-05,3.415500394367724e-24,0.0017636823802377308,0.0018611302487820123,3.0447094107044226e-21,0.00048590353076367134
5.0,0.0,3,weekend_midday,ok,2051,478,-0.041968783073170056,0.7153449787177855,0.2127832182373339,0.00025323213192705494,3.3120586694941885e-13,0.001725333467089264,0.002501464007738573,0.0007679964978830291,0.0004020570933185694
5.0,0.0,3,weekend_evening,ok,2051,478,-0.07701019267944514,0.7047664502843772,0.24194099153530607,1.657305410768687e-05,2.653663869854482e-20,0.0018473935877942357,0.002330591912829685,9.326728890714339e-19,0.0007145833957906126
5.0,0.0,4,weekday_morning,ok,2073,456,-0.05133923032779487,0.8308381608138369,0.17148811471746594,0.00012312414059787867,6.789637372139614e-16,0.001451715446217535,0.0011860825004526847,0.0006110541188729091,0.0003602511777063463
5.0,0.0,4,weekday_evening,ok,2073,456,-0.03933412532249465,0.7691148199853356,0.2236650239671495,5.2593003297850175e-05,3.438086172337494e-21,0.0015068744401983834,0.0012466789610862576,7.450444817443852e-20,0.0003355544681132496
5.0,0.0,4,weekend_midday,ok,2073,456,-0.06115645280468465,0.837112318701493,0.22023451144102707,0.000256580295547228,3.407885421442013e-22,0.001452043922406818,0.0020379365423609675,1.2641003954177083e-23,8.2205120597447e-05
5.0,0.0,4,weekend_evening,ok,2073,456,-0.0554947223961725,0.7892485655008499,0.24849323758748965,1.826834431453378e-13,2.757808901065157e-22,0.001621764355862427,0.0017736408998968861,1.467338794382782e-22,0.0004760104108527173
5.0,0.0,5,weekday_morning,ok,1952,577,0.02444614490441804,0.8121518230164712,0.17176100167551578,0.00014544354235507677,6.158298607020012e-05,0.0014756496083733605,0.0020649003051453397,3.3088566360831775e-20,0.00038869372843127977
5.0,0.0,5,weekday_evening,ok,1952,577,-0.022817586719768298,0.747680716816475,0.22032545903621423,1.6290518351002678e-06,3.745401784733081e-25,0.001501984584507684,0.0022299032365398048,1.8693844166295117e-24,0.00042527458556343824
5.0,0.0,5,weekend_midday,ok,1952,577,-0.03692412917826906,0.7787842666278081,0.21800807907275285,0.000153550387842139,1.5338085268621652e-17,0.0015015091494265645,0.002704367101123665,6.918354977642126e-22,0.00023360696068946523
5.0,0.0,5,weekend_evening,ok,1952,577,-0.03480871181087238,0.7764027454253059,0.2467746016310513,7.633489691155512e-14,1.5052157296533173e-17,0.0015725000273587796,0.0026824097484661595,5.6910206901595296e-18,0.0005554721872220961
5.0,0.01,1,weekday_morning,ok,2033,496,0.10533709054136328,0.7341423169087319,0.1757965461132353,1.136237413097954e-15,1.6211434816410826e-17,0.001580787185364672,0.001354206767209922,1.6048751352406983e-14,1.1706996258638545e-12
5.0,0.01,1,weekday_evening,ok,2033,496,0.12253137956359028,0.7345636585355273,0.22846996172603973,3.580766353238632e-19,1.0376740718327055e-21,0.0014554529594262597,0.0014989800815422855,2.7750313212226273e-22,0.0005439211188603924
5.0,0.01,1,weekend_midday,ok,2033,496,0.07120858763034119,0.689562302113535,0.21935924445730592,6.09696010940216e-05,2.2780397236266242e-15,0.0015433263672404588,0.002550536495636166,7.263446238589361e-05,2.201046360601529e-15
5.0,0.01,1,weekend_evening,ok,2033,496,0.08100117488655341,0.7187707598086555,0.25089815359440504,9.756971090136905e-14,8.189525468335604e-16,0.0016007211992534272,0.0019394328960449247,1.0487750131334918e-16,0.000640529044814907
5.0,0.01,2,weekday_morning,ok,2007,522,0.08319333688190923,0.7055715937046463,0.16957559162035848,6.59919923248475e-05,0.00021568043235694495,0.0013117691327821403,4.616199903590506e-19,0.0015392727121003793,0.0002523949039287658
5.0,0.01,2,weekday_evening,ok,2007,522,0.11190857227881344,0.6531583924313802,0.22126927944282643,5.582508584571184e-05,1.6492467585381472e-15,0.0020112985675826544,2.4084214847525842e-12,2.7380802766801906e-15,1.7257373570423443e-12
5.0,0.01,2,weekend_midday,ok,2007,522,0.06927172328161109,0.698229195595539,0.21496915042985115,0.00018063316201496235,7.345575317585344e-05,0.0010764334638323732,0.000888412192104267,0.0014564886343109303,0.00037442911292830035
5.0,0.01,2,weekend_evening,ok,2007,522,0.10602359149349773,0.6689891188045917,0.24352604456038893,3.938099044994246e-06,3.0572359105977064e-16,0.0020360715413942987,1.2551022188739616e-15,6.767355692185008e-22,0.0004615236864311015
5.0,0.01,3,weekday_morning,ok,2051,478,-0.026047218685409202,0.7516079949599787,0.16700301263495146,0.00010751603443598791,5.007622384463047e-06,0.0017073236006101484,0.001631159382947769,0.0008112209182504014,0.0006427027697965389
5.0,0.01,3,weekday_evening,ok,2051,478,-0.06652709209873224,0.7022638574114818,0.21720076238517788,7.365695178384278e-05,3.415445469927198e-24,0.0017636823376175291,0.0018611297930834583,3.044667834579274e-21,0.00048590350140887876
5.0,0.01,3,weekend_midday,ok,2051,478,-0.041968783073170056,0.715344978116793,0.21278321948217785,0.00025323222161478695,3.3121450215749417e-13,0.0017253334893142568,0.002501463462323435,0.0007679951268837725,0.0004020571213205501
5.0,0.01,3,weekend_evening,ok,2051,478,-0.07701019267944514,0.7047664507902436,0.2419409921994081,1.6573113184563076e-05,2.6535744617202692e-20,0.0018473935517862117,0.0023305913379955898,9.326418033542868e-19,0.0007145833298890339
5.0,0.01,4,weekday_morning,ok,2073,456,-0.05133923032779487,0.8308381612276335,0.1714881156730766,0.00012312420404947294,6.789863321176824e-16,0.0014517154599421585,0.0011860822893724609,0.0006110527072414986,0.0003602511779892475
5.0,0.01,4,weekday_evening,ok,2073,456,-0.03933412532249465,0.7691148203889674,0.2236650243561616,5.259303163400218e-05,3.438055166159614e-21,0.0015068744006184428,0.0012466786602672076,7.450377747858601e-20,0.0003355544659270879
5.0,0.01,4,weekend_midday,ok,2073,456,-0.06115645280468465,0.8371123193171286,0.22023451195399132,0.00025658033512079387,3.407856265142956e-22,0.0014520438880452828,0.0020379360319780337,1.2640900218968046e-23,8.220518779885034e-05
5.0,0.01,4,weekend_evening,ok,2073,456,-0.0554947223961725,0.7892485657729763,0.2484932382082512,1.8268984726490773e-13,2.75789282378604e-22,0.0016217643146345276,0.0017736405447125072,1.4673824248003355e-22,0.00047601044759745104
5.0,0.01,5,weekday_morning,ok,1952,577,0.02444614490441804,0.8121518227322625,0.171761002297421,0.00014544356132510994,6.158308479788022e-05,0.0014756495839825905,0.002064899663757519,3.308764439700374e-20,0.00038869372239831317
5.0,0.01,5,weekday_evening,ok,1952,577,-0.022817586719768298,0.7476807162478036,0.2203254597449599,1.629087337502557e-06,3.745160394658528e-25,0.0015019845699789157,0.002229902612210345,1.8692624556201784e-24,0.0004252745830786725
5.0,0.01,5,weekend_midday,ok,1952,577,-0.03692412917826906,0.7787842671068034,0.21800807988600782,0.00015355042612044052,1.5338688179890626e-17,0.0015015091385418434,0.002704366334498981,6.918603847480505e-22,0.0002336070060325875
5.0,0.01,5,weekend_evening,ok,1952,577,-0.03480871181087238,0.7764027446174722,0.24677460265154347,7.633566571306876e-14,1.5052322597754158e-17,0.0015725000166818613,0.002682409044406857,5.691079637481439e-18,0.0005554722162215833
5.0,0.1,1,weekday_morning,ok,2033,496,0.1051911019992459,0.7341423207884588,0.17579655079622952,1.1364401900920198e-15,1.6214412986906167e-17,0.001580786831000435,0.0013542043177554523,1.6052239787910283e-14,1.1709883810267736e-12
5.0,0.1,1,weekday_evening,ok,2033,496,0.12253137956359028,0.7345636588286364,0.22846996690451582,3.5813791939061315e-19,1.037862237246706e-21,0.001455452739888572,0.0014989775320546337,2.7755053004089203e-22,0.0005439201901871566
5.0,0.1,1,weekend_midday,ok,2033,496,0.07120858763034119,0.6895623045732192,0.21935924850647967,6.0970529987931905e-05,2.2782884501159764e-15,0.0015433261821868967,0.0025505297033521774,7.263529413104959e-05,2.2012889051565732e-15
5.0,0.1,1,weekend_evening,ok,2033,496,0.08100553720608786,0.7187707604881057,0.2508981598968253,9.758015237080845e-14,8.190490944757782e-16,0.0016007209864783544,0.0019394294713170964,1.0488873170865009e-16,0.0006405282220151785
5.0,0.1,2,weekday_morning,ok,2007,522,0.08309131661677316,0.7055716075135088,0.16957561280351688,6.599285065158526e-05,0.0002156817864716982,0.0013117684720901086,4.614871854615736e-19,0.0015392372806035607,0.00025239540812228254
5.0,0.1,2,weekday_evening,ok,2007,522,0.11190857227881344,0.6531583845632989,0.22126928580416677,5.582518291505939e-05,1.6494270385847711e-15,0.002011295694477482,2.4088135210713644e-12,2.7384169158991955e-15,1.726194983407026e-12
5.0,0.1,2,weekend_midday,ok,2007,522,0.06927172328161109,0.6982292100438072,0.21496917014323472,0.00018063426193608084,7.345812408153917e-05,0.0010764337963178677,0.0008884057375565835,0.0014564564298502043,0.0003744293126339088
5.0,0.1,2,weekend_evening,ok,2007,522,0.10602359149349773,0.6689891158005068,0.2435260510585201,3.938154855816583e-06,3.056828302422846e-16,0.002036068369064034,1.2550049005078237e-15,6.7663884335908185e-22,0.0004615243529195054
5.0,0.1,3,weekday_morning,ok,2051,478,-0.026047218685409202,0.751607986723661,0.16700302365765055,0.00010751661987631824,5.008961302530501e-06,0.001707323822471095,0.0016311557720190993,0.0008112047851871249,0.0006427023936396794
5.0,0.1,3,weekday_evening,ok,2051,478,-0.06652709209873224,0.7022638607416193,0.21720076740130673,7.365735393114388e-05,3.414954009583246e-24,0.001763681954035316,0.0018611256918072234,3.044286076388245e-21,0.00048590323721549826
5.0,0.1,3,weekend_midday,ok,2051,478,-0.041968783073170056,0.7153449727080733,0.21278323068563626,0.0002532330287956846,3.312922289993528e-13,0.0017253336893257665,0.002501458553583332,0.0007679827881960066,0.00040205737333114073
5.0,0.1,3,weekend_evening,ok,2051,478,-0.07701019267944514,0.7047664553430318,0.24194099817631645,1.6573644875141353e-05,2.6527699211987593e-20,0.0018473932277133806,0.0023305861645022694,9.323620781840103e-19,0.0007145827367750757
5.0,0.1,4,weekday_morning,ok,2073,456,-0.05133923032779487,0.8308381649518436,0.1714881242734206,0.00012312477510391067,6.791897277652982e-16,0.0014517155834503227,0.001186080389636986,0.0006110400029211262,0.0003602511805327432
5.0,0.1,4,weekday_evening,ok,2073,456,-0.03933412532249465,0.769114824021646,0.2236650278572656,5.259328665876556e-05,3.4377762052220055e-21,0.001506874044398807,0.0012466759529028673,7.449774183438041e-20,0.0003355544462509923
5.0,0.1,4,weekend_midday,ok,2073,456,-0.06115645280468465,0.8371123248578373,0.22023451657066184,0.00025658069128195037,3.4075952941782906e-22,0.0014520435787911967,0.0020379314385438486,1.263997044778363e-23,8.220579260922633e-05
5.0,0.1,4,weekend_evening,ok,2073,456,-0.0554947223961725,0.7892485682221119,0.24849324379509757,1.8274749367701118e-13,2.758648186945516e-22,0.0016217639435833894,0.0017736373480603006,1.467775131591868e-22,0.00047601077829780513
5.0,0.1,5,weekday_morning,ok,1952,577,0.02444614490441804,0.8121518201743975,0.17176100789455573,0.00014544373205494814,6.15839733438299e-05,0.0014756493644649932,0.0020648938912862782,3.3079348710480885e-20,0.00038869366810078586
5.0,0.1,5,weekday_evening,ok,1952,577,-0.022817586719768298,0.747680711129783,0.2203254661236497,1.6294068601530035e-06,3.7429884485144845e-25,0.0015019844392192582,0.0022298969932596606,1.8681650970612062e-24,0.00042527456071274154
5.0,0.1,5,weekend_midday,ok,1952,577,-0.03692412917826906,0.7787842714177544,0.21800808720528655,0.0001535507706241771,1.5344116824079144e-17,0.0015015090405783161,0.002704359434897329,6.920863113558622e-22,0.00023360741411853614
5.0,0.1,5,weekend_evening,ok,1952,577,-0.03480871181087238,0.7764027373469914,0.24677461183595428,7.634258524556966e-14,1.5053810300665087e-17,0.0015724999205887083,0.0026824027078908752,5.691610254861243e-18,0.0005554724772142455
5.0,1.0,1,weekday_morning,ok,2033,496,0.10534802231908931,0.7341423595852004,0.1757965976255136,1.138469906440358e-15,1.6244224024863468e-17,0.0015807832873315443,0.0013541798237392511,1.6087164914468883e-14,1.1738797893260142e-12
5.0,1.0,1,weekday_evening,ok,2033,496,0.12253137956359028,0.7345636617604397,0.22847001868850186,3.5875127866158262e-19,1.0397445603407593e-21,0.0014554505444528184,0.001498952037654689,2.7802503934171333e-22,0.0005439109037976311
5.0,1.0,1,weekend_midday,ok,2033,496,0.07120858763034119,0.6895623291702329,0.21935928899849055,6.0979818708041594e-05,2.2807784155474034e-15,0.0015433243316348992,0.0025504617826497588,7.264360933089562e-05,2.203717839961635e-15
5.0,1.0,1,weekend_evening,ok,2033,496,0.08100117488655341,0.7187707672824992,0.25089822292012426,9.768462343259804e-14,8.200151387574466e-16,0.0016007188586760713,0.0019393952247718194,1.0500109622678967e-16,0.0006405199940653523
5.0,1.0,2,weekday_morning,ok,2007,522,0.08309131661677316,0.7055717455650146,0.1695758245902693,6.600143175183214e-05,0.00021569532386081592,0.0013117618616025474,4.601614584894115e-19,0.001538883059229556,0.0002524004499964583
5.0,1.0,2,weekday_evening,ok,2007,522,0.11190857227881344,0.6531583058837266,0.2212693494165788,5.582615359185054e-05,1.6512309845927612e-15,0.0020112669638781824,2.412737472476019e-12,2.741785689361283e-15,1.730778026109982e-12
5.0,1.0,2,weekend_midday,ok,2007,522,0.06934483695935241,0.6982293545021571,0.21496936723665405,0.00018064525923599194,7.34818298538131e-05,0.0010764371178393127,0.0008883411907638542,0.0014561344708642584,0.0003744313098104847
5.0,1.0,2,weekend_evening,ok,2007,522,0.10593555466272353,0.6689890857605123,0.24352611603868438,3.93871297488094e-06,3.0527549749433413e-16,0.0020360366464232866,1.2540320754534735e-15,6.756722861177041e-22,0.0004615310173885452
5.0,1.0,3,weekday_morning,ok,2051,478,-0.026000896166140333,0.7516079043890321,0.16700313386691867,0.0001075224733809387,5.022348831570109e-06,0.0017073260393762224,0.001631119662549773,0.0008110434965419962,0.0006426986313948102
5.0,1.0,3,weekday_evening,ok,2051,478,-0.06652709209873224,0.7022638940420762,0.2172008175618335,7.366137530486183e-05,3.410034278547835e-24,0.0017636781181737701,0.0018610846801087367,3.0404771530152502e-21,0.00048590059525843466
5.0,1.0,3,weekend_midday,ok,2051,478,-0.041968783073170056,0.715344918641932,0.21278334270666432,0.00025324109974442656,3.3207042789603936e-13,0.0017253356881119539,0.0025014094658028846,0.0007678594315593851,0.00040205989271936454
5.0,1.0,3,weekend_evening,ok,2051,478,-0.07701019267944514,0.704766500869908,0.24194105794443785,1.657896165144282e-05,2.644737623242866e-20,0.0018473899869238372,0.0023305344309086868,9.295693349664686e-19,0.0007145768056609584
5.0,1.0,4,weekday_morning,ok,2073,456,-0.05133923032779487,0.8308382021977107,0.17148821026185954,0.000123130484667462,6.812267729338637e-16,0.001451716817201183,0.0011860613909499965,0.0006109129955745733,0.0003602512057071459
5.0,1.0,4,weekday_evening,ok,2073,456,-0.03933412532249465,0.7691148603477629,0.2236650628678105,5.259583684638916e-05,3.434987518813177e-21,0.0015068704821853682,0.001246648879963159,7.443741092617413e-20,0.0003355542494275625
5.0,1.0,4,weekend_midday,ok,2073,456,-0.06115645280468465,0.8371123802638177,0.2202345627365911,0.00025658425280089623,3.4049890712968395e-22,0.0014520404862238085,0.0020378855054122044,1.2630668791634943e-23,8.221184048902459e-05
5.0,1.0,4,weekend_evening,ok,2073,456,-0.0554947223961725,0.7892485927132191,0.24849329966281114,1.833249456994376e-13,2.766212980305787e-22,0.001621760233067513,0.0017736053822513685,1.4717078577352963e-22,0.0004760140850778818
5.0,1.0,5,weekday_morning,ok,1952,577,0.02444614490441804,0.8121517945972481,0.1717610638646894,0.0001454454393079543,6.159285848933405e-05,0.0014756471692232325,0.0020648361684703163,3.299650787722518e-20,0.0003886931250432085
5.0,1.0,5,weekday_evening,ok,1952,577,-0.022817586719768298,0.7476806599517806,0.22032552990843457,1.6326021883389023e-06,3.7213249127769634e-25,0.0015019831315494427,0.0022298408051847378,1.8572202801117188e-24,0.00042527433675210684
5.0,1.0,5,weekend_midday,ok,1952,577,-0.03692412917826906,0.7787843145264142,0.21800816039649723,0.000153554215564765,1.5398502792594118e-17,0.001501508060840476,0.0027042904409099295,6.943484173332378e-22,0.0002336114947647567
5.0,1.0,5,weekend_evening,ok,1952,577,-0.03480871181087238,0.7764026646444796,0.24677470367821572,7.641181324462644e-14,1.5068695154062863e-17,0.0015724989595685443,0.0026823393444883716,5.6969190085499866e-18,0.0005554750868718666
5.0,10.0,1,weekday_morning,ok,2033,496,0.10547589537612986,0.7341427474998998,0.17579706585256588,1.1589626010999834e-15,1.6545283324726766e-17,0.00158074784799169,0.0013539349364157507,1.6440528081231402e-14,1.20318253690344e-12
5.0,10.0,1,weekday_evening,ok,2033,496,0.12253137956359028,0.7345636911496639,0.2284705364509199,3.649402019994389e-19,1.0587483836306018e-21,0.0014554285842098315,0.0014986971413069395,2.828140971458961e-22,0.0005438180741617324
5.0,10.0,1,weekend_midday,ok,2033,496,0.0711807114244014,0.6895625751573966,0.21935969394570795,6.107268399767103e-05,2.30595468040268e-15,0.0015433058244578427,0.002549782789294605,7.272653672739869e-05,2.228354532731994e-15
5.0,10.0,1,weekend_evening,ok,2033,496,0.08099109292790634,0.71877083521545,0.2508988530627489,9.873500147349784e-14,8.297329030967796e-16,0.0016006975754982603,0.0019390528326066873,1.0613082131816593e-16,0.0006404377193224632
5.0,10.0,2,weekday_morning,ok,2007,522,0.08301353127182903,0.7055731223780285,0.16957793798640824,6.608702662066923e-05,0.00021583032291324814,0.0013116954010666817,4.471416724024342e-19,0.0015353501799593254,0.00025245086258152784
5.0,10.0,2,weekday_evening,ok,2007,522,0.11190857227881344,0.6531575192121594,0.22126998544158002,5.5835858691647914e-05,1.6693861450486538e-15,0.0020109797031208562,2.4523385030597326e-12,2.7757125605789267e-15,1.7772933907366765e-12
5.0,10.0,2,weekend_midday,ok,2007,522,0.06940576868522863,0.6982307966592961,0.2149713341400556,0.00018075504147796874,7.371855949202626e-05,0.0010764700003588242,0.000887695594813004,0.001452923419425527,0.00037445129349143665
5.0,10.0,2,weekend_evening,ok,2007,522,0.10593555466272353,0.6689887854459089,0.2435267657256324,3.944295248762265e-06,3.012296347351885e-16,0.002035719486189441,1.2443399171152343e-15,6.660765637625575e-22,0.00046159762059382856
5.0,10.0,3,weekday_morning,ok,2051,478,-0.026000896166140333,0.7516070838897192,0.16700423419184843,0.00010758091878080157,5.1560593397042686e-06,0.0017073480384381034,0.0016307585499319445,0.0008094347977407428,0.0006426609415167774
5.0,10.0,3,weekday_evening,ok,2051,478,-0.06652709209873224,0.7022642269549403,0.2172013190909478,7.370157911517874e-05,3.3612181852261745e-24,0.0017636397556186493,0.0018606746694822469,3.002662064227086e-21,0.00048587417336258505
5.0,10.0,3,weekend_midday,ok,2051,478,-0.041750080488558126,0.7153443800806208,0.21278446156453398,0.00025332172339598226,3.3994615582121104e-13,0.0017253555434066535,0.0025009185504837107,0.0007666288816555582,0.00040208501499472887
5.0,10.0,3,weekend_evening,ok,2051,478,-0.07711229044901334,0.7047669560381974,0.24194165552945046,1.6632116469220745e-05,2.5657110053546532e-20,0.0018473575729072817,0.0023300172288994304,9.020877612696409e-19,0.0007145174970695045
5.0,10.0,4,weekday_morning,ok,2073,456,-0.05133923032779487,0.8308385750317857,0.17148906865027896,0.00012318748248614652,7.019099039575444e-16,0.0014517290220091763,0.0011858712714157458,0.0006096464975399177,0.00036025143146003135
5.0,10.0,4,weekday_evening,ok,2073,456,-0.03933412532249465,0.7691152235419655,0.2236654129237482,5.262133272338778e-05,3.407228020262342e-21,0.0015068348583441233,0.0012463782209159347,7.383686257960061e-20,0.0003355522749476465
5.0,10.0,4,weekend_midday,ok,2073,456,-0.06110399978288905,0.8371129342132857,0.22023502431831715,0.00025661985873077706,3.379058487590192e-22,0.0014520095578979483,0.002037426295083305,1.2538132942262189e-23,8.227229690002156e-05
5.0,10.0,4,weekend_evening,ok,2073,456,-0.0554947223961725,0.7892488375992931,0.2484938582649226,1.8919930688874847e-13,2.8429799391103104e-22,0.0016217231274594402,0.0017732857954586222,1.5116029777339732e-22,0.0004760471305414737
5.0,10.0,5,weekday_morning,ok,1952,577,0.02444614490441804,0.8121515389754795,0.17176162344472173,0.00014546250730184217,6.168167855570832e-05,0.0014756252102294165,0.0020642591298899787,3.2179490229133875e-20,0.0003886876862412461
5.0,10.0,5,weekday_evening,ok,1952,577,-0.022945226985023787,0.7476801483911345,0.22032616754778694,1.6645649916346734e-06,3.5102305429511845e-25,0.0015019700474726337,0.002229279068329348,1.750620942034786e-24,0.0004252720677007752
5.0,10.0,5,weekend_midday,ok,1952,577,-0.036736237385369616,0.7787847455279661,0.21800889215095845,0.00015358865529582595,1.595296218337061e-17,0.0015014982532091051,0.0027036007038865714,7.1737309621142795e-22,0.0002336522799085844
5.0,10.0,5,weekend_evening,ok,1952,577,-0.03480871181087238,0.7764019378486258,0.2467756219161982,7.710738569486003e-14,1.5218318492933883e-17,0.0015724893405060537,0.0026817058861456095,5.750266258945186e-18,0.0005555011565578279
