run_key,status,fold,province,block_id,local_passes,candidate_count,budget_k,selected_count,proposed_objective,temporal_incremental_coverage,bottom20_final_coverage,zone_jain,zone_gini,mean_service_distance_km,p95_service_distance_km,redundancy_jaccard,min_selected_pair_distance_km,heldout_temporal_demand_capture,heldout_recall_1km,heldout_recall_2km,heldout_top25_recall_2km,heldout_mean_nearest_selected_km,candidate_availability_capture_upper_bound,candidate_availability_recall_1km_upper_bound,candidate_availability_recall_2km_upper_bound,normalized_heldout_capture,normalized_heldout_recall_1km,normalized_heldout_recall_2km,marginal_evaluations,selected,swaps,local_evaluations,constraint_valid_indices,constraint_unique_indices,constraint_budget_ok,constraint_candidate_eligible,constraint_province_match,constraint_min_new_distance_ok,constraint_existing_exclusion_ok,constraint_all_ok,audited_min_new_distance_km,audited_min_existing_distance_km,runtime_seconds
local|1|hue|0|0,ok,1,hue,0,0,58,3,3,0.12216461287186238,0.06511409207653296,0.06497654406071637,0.159961523541247,0.8503074038224057,2.843548614219949,11.98266998189707,0.3333333333333333,0.5164276250936046,0.023405820023531584,0.0,0.11667337649208295,0.0,17.020688951410165,0.06069681373776707,0.0684866390469188,0.11667337649208295,0.38561859481872435,0.0,1.0,65,3,0,0,True,True,True,True,True,True,True,True,0.5164276250936046,8.077693331055492,0.005477444000007381
local|1|hue|0|1,ok,1,hue,0,1,58,3,3,0.12216461287186238,0.06511409207653296,0.06497654406071637,0.159961523541247,0.8503074038224057,2.843548614219949,11.98266998189707,0.3333333333333333,0.5164276250936046,0.023405820023531584,0.0,0.11667337649208295,0.0,17.020688951410165,0.06069681373776707,0.0684866390469188,0.11667337649208295,0.38561859481872435,0.0,1.0,65,3,0,165,True,True,True,True,True,True,True,True,0.5164276250936046,8.077693331055492,0.0417251670000951
local|1|hue|0|3,ok,1,hue,0,3,58,3,3,0.12216461287186238,0.06511409207653296,0.06497654406071637,0.159961523541247,0.8503074038224057,2.843548614219949,11.98266998189707,0.3333333333333333,0.5164276250936046,0.023405820023531584,0.0,0.11667337649208295,0.0,17.020688951410165,0.06069681373776707,0.0684866390469188,0.11667337649208295,0.38561859481872435,0.0,1.0,65,3,0,165,True,True,True,True,True,True,True,True,0.5164276250936046,8.077693331055492,0.0445581779999884
local|1|hue|1|0,ok,1,hue,1,0,65,4,4,0.3534371796396797,0.24498722717519278,0.4073907855816149,0.08302542524499187,0.9230100291291723,3.3800925447142336,10.371848356057054,0.8231808567222755,0.7301148558367669,0.14008644079241592,0.0813764328276923,0.3909698936582128,0.3333333333333333,6.06025703041971,0.39881973656479697,0.49730603741202384,0.7892522128345287,0.3512525282701395,0.1636345161847914,0.4953674976140762,122,4,0,0,True,True,True,True,True,True,True,True,0.7301148558367669,9.38410325386747,0.010900409999976546
local|1|hue|1|1,ok,1,hue,1,1,65,4,4,0.3537745952167114,0.24893537363685164,0.4018534268976387,0.08534370553750059,0.9218178914796906,3.367403056655765,10.371848356057054,0.8143789693597796,0.6835372357450616,0.14906568171148082,0.0813764328276923,0.3909698936582128,0.3333333333333333,6.038286861469762,0.39881973656479697,0.49730603741202384,0.7892522128345287,0.37376706327386544,0.1636345161847914,0.4953674976140762,122,4,1,244,True,True,True,True,True,True,True,True,0.6835372357450616,9.38410325386747,0.10284954200005814
local|1|hue|1|3,ok,1,hue,1,3,65,4,4,0.3537745952167114,0.24893537363685164,0.4018534268976387,0.08534370553750059,0.9218178914796906,3.367403056655765,10.371848356057054,0.8143789693597796,0.6835372357450616,0.14906568171148082,0.0813764328276923,0.3909698936582128,0.3333333333333333,6.038286861469762,0.39881973656479697,0.49730603741202384,0.7892522128345287,0.37376706327386544,0.1636345161847914,0.4953674976140762,122,4,1,488,True,True,True,True,True,True,True,True,0.6835372357450616,9.38410325386747,0.14194402599991918
local|1|hungyen|0|0,ok,1,hungyen,0,0,138,7,7,0.11862849054530575,0.05990064352887404,0.0979631382456757,0.22266652263908007,0.799333973710465,2.853682261880339,10.833760296500687,0.04329004329004329,0.5526259325685543,0.10057497261252593,0.15862363326718754,0.24185174791694253,0.2222222222222222,6.442669424518358,0.10694894515472844,0.16551683650939625,0.25977048315560475,0.9404017259545574,0.9583534618738475,0.9310208957500042,145,7,0,0,True,True,True,True,True,True,True,True,0.5526259325685543,1.704568238893715,0.01144249399999353
local|1|hungyen|0|1,ok,1,hungyen,0,1,138,7,7,0.11862849054530575,0.05990064352887404,0.0979631382456757,0.22266652263908007,0.799333973710465,2.853682261880339,10.833760296500687,0.04329004329004329,0.5526259325685543,0.10057497261252593,0.15862363326718754,0.24185174791694253,0.2222222222222222,6.442669424518358,0.10694894515472844,0.16551683650939625,0.25977048315560475,0.9404017259545574,0.9583534618738475,0.9310208957500042,145,7,0,700,True,True,True,True,True,True,True,True,0.5526259325685543,1.704568238893715,0.1670730729999832
local|1|hungyen|0|3,ok,1,hungyen,0,3,138,7,7,0.11862849054530575,0.05990064352887404,0.0979631382456757,0.22266652263908007,0.799333973710465,2.853682261880339,10.833760296500687,0.04329004329004329,0.5526259325685543,0.10057497261252593,0.15862363326718754,0.24185174791694253,0.2222222222222222,6.442669424518358,0.10694894515472844,0.16551683650939625,0.25977048315560475,0.9404017259545574,0.9583534618738475,0.9310208957500042,145,7,0,700,True,True,True,True,True,True,True,True,0.5526259325685543,1.704568238893715,0.16367816299998594
local|1|hungyen|1|0,ok,1,hungyen,1,0,177,9,9,0.22040454181843716,0.09718377420924385,0.28182544974469936,0.21684742051136363,0.8017362696682473,2.8864994159034385,10.508577637973723,0.17811910838697326,0.5353316577481446,0.2273267457357626,0.30533978048492116,0.3796826730491485,0.5,5.5379603584814525,0.5772965826660911,0.5975303800738792,0.6465385921566069,0.39377809008657966,0.5110029392098335,0.5872544619226386,500,9,0,0,True,True,True,True,True,True,True,True,0.5353316577481446,5.698192696093921,0.03937262799991004
local|1|hungyen|1|1,ok,1,hungyen,1,1,177,9,9,0.22044128401621685,0.09971782746438487,0.28343842339426895,0.2218964402673645,0.7966828023296375,2.8547709091619016,10.392762799117616,0.15987828548776528,0.5353316577481446,0.22711629820617613,0.30533978048492116,0.3796826730491485,0.5,5.440786119786396,0.5772965826660911,0.5975303800738792,0.6465385921566069,0.3934135503752677,0.5110029392098335,0.5872544619226386,500,9,1,900,True,True,True,True,True,True,True,True,0.5353316577481446,5.698192696093921,0.2296412529999543
local|1|hungyen|1|3,ok,1,hungyen,1,3,177,9,9,0.22048524760538685,0.09945280971339235,0.2839474709139402,0.22180659472416425,0.796697528281747,2.854850059058778,10.392762799117616,0.16947963703409993,0.5111795921953013,0.22786030333632526,0.30533978048492116,0.3796826730491485,0.5,5.44439089988844,0.5772965826660911,0.5975303800738792,0.6465385921566069,0.3947023249020684,0.5110029392098335,0.5872544619226386,500,9,2,2700,True,True,True,True,True,True,True,True,0.5111795921953013,5.698192696093921,0.5329362689999471
local|1|lamdong|0|0,ok,1,lamdong,0,0,165,9,9,0.23103145045569856,0.13266139809077143,0.27840866455258223,0.13377007336482394,0.8802363562212199,8.216895400086445,46.41842695252664,0.20491907244699423,0.5834881682596379,0.08760128491044908,0.08688220911091837,0.23350001839482407,0.23809523809523808,34.46374892020677,0.27910615527700866,0.2691027237814704,0.4610410290689132,0.3138636796580359,0.32285889897373393,0.506462556849625,222,9,0,0,True,True,True,True,True,True,True,True,0.5834881682596379,35.49498022792253,0.020603422000021965
local|1|lamdong|0|1,ok,1,lamdong,0,1,165,9,9,0.23103145045569856,0.13266139809077143,0.27840866455258223,0.13377007336482394,0.8802363562212199,8.216895400086445,46.41842695252664,0.20491907244699423,0.5834881682596379,0.08760128491044908,0.08688220911091837,0.23350001839482407,0.23809523809523808,34.46374892020677,0.27910615527700866,0.2691027237814704,0.4610410290689132,0.3138636796580359,0.32285889897373393,0.506462556849625,222,9,0,900,True,True,True,True,True,True,True,True,0.5834881682596379,35.49498022792253,0.2787887099998443
local|1|lamdong|0|3,ok,1,lamdong,0,3,165,9,9,0.23103145045569856,0.13266139809077143,0.27840866455258223,0.13377007336482394,0.8802363562212199,8.216895400086445,46.41842695252664,0.20491907244699423,0.5834881682596379,0.08760128491044908,0.08688220911091837,0.23350001839482407,0.23809523809523808,34.46374892020677,0.27910615527700866,0.2691027237814704,0.4610410290689132,0.3138636796580359,0.32285889897373393,0.506462556849625,222,9,0,900,True,True,True,True,True,True,True,True,0.5834881682596379,35.49498022792253,0.2925936090000505
local|1|lamdong|1|0,ok,1,lamdong,1,0,154,8,8,0.16155232991279175,0.08129503451602138,0.07148872480369563,0.21809860505886086,0.8046518705830197,4.019758312267957,16.48885377296028,0.10263579263219422,0.5967671375122964,0.0029973704767973577,0.0,0.00877851471565955,0.0,34.235576163757244,0.05438713526836533,0.057271788197484554,0.10842234880720172,0.05511175505029403,0.0,0.08096591535080687,168,8,0,0,True,True,True,True,True,True,True,True,0.5967671375122964,0.5091104637836878,0.01486117300009937
local|1|lamdong|1|1,ok,1,lamdong,1,1,154,8,8,0.16155232991279175,0.08129503451602138,0.07148872480369563,0.21809860505886086,0.8046518705830197,4.019758312267957,16.48885377296028,0.10263579263219422,0.5967671375122964,0.0029973704767973577,0.0,0.00877851471565955,0.0,34.235576163757244,0.05438713526836533,0.057271788197484554,0.10842234880720172,0.05511175505029403,0.0,0.08096591535080687,168,8,0,800,True,True,True,True,True,True,True,True,0.5967671375122964,0.5091104637836878,0.24359992499989858
local|1|lamdong|1|3,ok,1,lamdong,1,3,154,8,8,0.16155232991279175,0.08129503451602138,0.07148872480369563,0.21809860505886086,0.8046518705830197,4.019758312267957,16.48885377296028,0.10263579263219422,0.5967671375122964,0.0029973704767973577,0.0,0.00877851471565955,0.0,34.235576163757244,0.05438713526836533,0.057271788197484554,0.10842234880720172,0.05511175505029403,0.0,0.08096591535080687,168,8,0,800,True,True,True,True,True,True,True,True,0.5967671375122964,0.5091104637836878,0.25390704300002653
local|1|sonla|0|0,ok,1,sonla,0,0,22,2,2,0.1376321575440493,0.11393123048053119,0.024708802792519868,0.09940870468924698,0.9097656383268828,9.778142421001313,42.94958985605909,1.0,0.7329085543719109,0.0,0.0,0.0,0.0,27.289125120148668,0.0,0.0,0.0,,,,23,2,0,0,True,True,True,True,True,True,True,True,0.7329085543719109,58.479600468572194,0.001805749999903128
local|1|sonla|0|1,ok,1,sonla,0,1,22,2,2,0.1376321575440493,0.11393123048053119,0.024708802792519868,0.09940870468924698,0.9097656383268828,9.778142421001313,42.94958985605909,1.0,0.7329085543719109,0.0,0.0,0.0,0.0,27.289125120148668,0.0,0.0,0.0,,,,23,2,0,40,True,True,True,True,True,True,True,True,0.7329085543719109,58.479600468572194,0.009054012999968108
local|1|sonla|0|3,ok,1,sonla,0,3,22,2,2,0.1376321575440493,0.11393123048053119,0.024708802792519868,0.09940870468924698,0.9097656383268828,9.778142421001313,42.94958985605909,1.0,0.7329085543719109,0.0,0.0,0.0,0.0,27.289125120148668,0.0,0.0,0.0,,,,23,2,0,40,True,True,True,True,True,True,True,True,0.7329085543719109,58.479600468572194,0.011938499000052616
local|1|sonla|1|0,ok,1,sonla,1,0,28,2,2,0.17596822151975972,0.16684839002293195,0.09589152079097711,0.14937993579429135,0.8658738913093287,8.806908088570282,46.028890961574454,0.9565217391304348,0.6662143947414969,0.11585714702915487,0.24647471473284344,0.24647471473284344,0.3333333333333333,15.237228693650994,0.48745258609695685,0.6678813105487064,0.6772296299173806,0.23767880268484262,0.3690396943887365,0.36394555678686474,31,2,0,0,True,True,True,True,True,True,True,True,0.6662143947414969,42.35023180639725,0.0024716960001569532
local|1|sonla|1|1,ok,1,sonla,1,1,28,2,2,0.17596822151975972,0.16684839002293195,0.09589152079097711,0.14937993579429135,0.8658738913093287,8.806908088570282,46.028890961574454,0.9565217391304348,0.6662143947414969,0.11585714702915487,0.24647471473284344,0.24647471473284344,0.3333333333333333,15.237228693650994,0.48745258609695685,0.6678813105487064,0.6772296299173806,0.23767880268484262,0.3690396943887365,0.36394555678686474,31,2,0,52,True,True,True,True,True,True,True,True,0.6662143947414969,42.35023180639725,0.011869089999891003
local|1|sonla|1|3,ok,1,sonla,1,3,28,2,2,0.17596822151975972,0.16684839002293195,0.09589152079097711,0.14937993579429135,0.8658738913093287,8.806908088570282,46.028890961574454,0.9565217391304348,0.6662143947414969,0.11585714702915487,0.24647471473284344,0.24647471473284344,0.3333333333333333,15.237228693650994,0.48745258609695685,0.6678813105487064,0.6772296299173806,0.23767880268484262,0.3690396943887365,0.36394555678686474,31,2,0,52,True,True,True,True,True,True,True,True,0.6662143947414969,42.35023180639725,0.015821221000123842
local|1|tayninh|0|0,ok,1,tayninh,0,0,67,4,4,0.06835813521578787,0.03808714573725067,0.0769034163853837,0.2028184244856352,0.8152937197641392,4.963685063929379,14.267128317862792,0.005847953216374269,2.7659251981243838,0.08537000949099564,0.10409809066540507,0.2613163023973963,0.4166666666666667,9.1765849804045,0.11426986512761875,0.1453222521445866,0.3025404638765778,0.7470911897520208,0.7163258835393904,0.8637400070358885,72,4,0,0,True,True,True,True,True,True,True,True,2.7659251981243838,16.013857527559747,0.005073700999901121
local|1|tayninh|0|1,ok,1,tayninh,0,1,67,4,4,0.06835813521578787,0.03808714573725067,0.0769034163853837,0.2028184244856352,0.8152937197641392,4.963685063929379,14.267128317862792,0.005847953216374269,2.7659251981243838,0.08537000949099564,0.10409809066540507,0.2613163023973963,0.4166666666666667,9.1765849804045,0.11426986512761875,0.1453222521445866,0.3025404638765778,0.7470911897520208,0.7163258835393904,0.8637400070358885,72,4,0,252,True,True,True,True,True,True,True,True,2.7659251981243838,16.013857527559747,0.04747077199999694
local|1|tayninh|0|3,ok,1,tayninh,0,3,67,4,4,0.06835813521578787,0.03808714573725067,0.0769034163853837,0.2028184244856352,0.8152937197641392,4.963685063929379,14.267128317862792,0.005847953216374269,2.7659251981243838,0.08537000949099564,0.10409809066540507,0.2613163023973963,0.4166666666666667,9.1765849804045,0.11426986512761875,0.1453222521445866,0.3025404638765778,0.7470911897520208,0.7163258835393904,0.8637400070358885,72,4,0,252,True,True,True,True,True,True,True,True,2.7659251981243838,16.013857527559747,0.04775769799994123
local|1|tayninh|1|0,ok,1,tayninh,1,0,67,4,4,0.05519300640116494,0.04838208686644669,0.04566589676164842,0.2149610507306609,0.8078613348273653,7.276445158676158,37.487682024728585,0.0,12.416604390136259,0.018148751254167955,0.026412934546386282,0.026412934546386282,0.0,20.260251910711165,0.019038331514003592,0.026412934546386282,0.050041179964454514,0.9532742530940115,1.0,0.5278239754767582,70,4,0,0,True,True,True,True,True,True,True,True,12.416604390136259,5.438621854683096,0.005150249000053009
local|1|tayninh|1|1,ok,1,tayninh,1,1,67,4,4,0.05519300640116494,0.04838208686644669,0.04566589676164842,0.2149610507306609,0.8078613348273653,7.276445158676158,37.487682024728585,0.0,12.416604390136259,0.018148751254167955,0.026412934546386282,0.026412934546386282,0.0,20.260251910711165,0.019038331514003592,0.026412934546386282,0.050041179964454514,0.9532742530940115,1.0,0.5278239754767582,70,4,0,252,True,True,True,True,True,True,True,True,12.416604390136259,5.438621854683096,0.07976275400005761
local|1|tayninh|1|3,ok,1,tayninh,1,3,67,4,4,0.05519300640116494,0.04838208686644669,0.04566589676164842,0.2149610507306609,0.8078613348273653,7.276445158676158,37.487682024728585,0.0,12.416604390136259,0.018148751254167955,0.026412934546386282,0.026412934546386282,0.0,20.260251910711165,0.019038331514003592,0.026412934546386282,0.050041179964454514,0.9532742530940115,1.0,0.5278239754767582,70,4,0,252,True,True,True,True,True,True,True,True,12.416604390136259,5.438621854683096,0.07288771599996835
local|2|caobang|0|0,ok,2,caobang,0,0,49,3,3,0.2031840698826229,0.21598229788214557,0.12651769459818873,0.07250209747325906,0.9331919344700139,14.800012343759573,52.24087625811898,0.2777777777777778,0.8665412882893483,0.01843359551577746,0.008157331924947811,0.1431793858428011,0.2,12.736049022299733,0.33562626617560204,0.3892247701446348,0.639117122248091,0.054922982416795926,0.020957895156355467,0.2240268346107962,60,3,0,0,True,True,True,True,True,True,True,True,0.8665412882893483,16.014446164580995,0.007352319000119678
local|2|caobang|0|1,ok,2,caobang,0,1,49,3,3,0.2031840698826229,0.21598229788214557,0.12651769459818873,0.07250209747325906,0.9331919344700139,14.800012343759573,52.24087625811898,0.2777777777777778,0.8665412882893483,0.01843359551577746,0.008157331924947811,0.1431793858428011,0.2,12.736049022299733,0.33562626617560204,0.3892247701446348,0.639117122248091,0.054922982416795926,0.020957895156355467,0.2240268346107962,60,3,0,138,True,True,True,True,True,True,True,True,0.8665412882893483,16.014446164580995,0.047327026999937516
local|2|caobang|0|3,ok,2,caobang,0,3,49,3,3,0.2031840698826229,0.21598229788214557,0.12651769459818873,0.07250209747325906,0.9331919344700139,14.800012343759573,52.24087625811898,0.2777777777777778,0.8665412882893483,0.01843359551577746,0.008157331924947811,0.1431793858428011,0.2,12.736049022299733,0.33562626617560204,0.3892247701446348,0.639117122248091,0.054922982416795926,0.020957895156355467,0.2240268346107962,60,3,0,138,True,True,True,True,True,True,True,True,0.8665412882893483,16.014446164580995,0.04666904999999133
local|2|caobang|1|0,ok,2,caobang,1,0,45,3,3,0.2510220155043117,0.19029379816026099,0.08571362968163213,0.15260280689747885,0.8593322433038868,4.227249613467251,27.04737960189897,0.2777777777777778,0.8665412882893483,0.0,0.0,0.0,0.0,40.95159589268225,0.0,0.0,0.0,,,,50,3,0,0,True,True,True,True,True,True,True,True,0.8665412882893483,20.673089973028084,0.006486782999900242
local|2|caobang|1|1,ok,2,caobang,1,1,45,3,3,0.2510220155043117,0.19029379816026099,0.08571362968163213,0.15260280689747885,0.8593322433038868,4.227249613467251,27.04737960189897,0.2777777777777778,0.8665412882893483,0.0,0.0,0.0,0.0,40.95159589268225,0.0,0.0,0.0,,,,50,3,0,126,True,True,True,True,True,True,True,True,0.8665412882893483,20.673089973028084,0.0351888580000832
local|2|caobang|1|3,ok,2,caobang,1,3,45,3,3,0.2510220155043117,0.19029379816026099,0.08571362968163213,0.15260280689747885,0.8593322433038868,4.227249613467251,27.04737960189897,0.2777777777777778,0.8665412882893483,0.0,0.0,0.0,0.0,40.95159589268225,0.0,0.0,0.0,,,,50,3,0,126,True,True,True,True,True,True,True,True,0.8665412882893483,20.673089973028084,0.03690865900011886
local|2|daklak|0|0,ok,2,daklak,0,0,64,4,4,0.22224886557559392,0.11990894208745104,0.16615281952196473,0.16503500660993198,0.8505489025771376,8.534210392881219,36.26125674082671,0.7478227538556883,0.7343468125602086,0.20085649424786353,0.2221230783572699,0.476771285930984,0.5,18.688775307152454,0.36542028363298845,0.40007308357289445,0.6748613856304715,0.549658853775054,0.5552062547511983,0.706472908485604,114,4,0,0,True,True,True,True,True,True,True,True,0.7343468125602086,71.91722809469465,0.011885639999945852
local|2|daklak|0|1,ok,2,daklak,0,1,64,4,4,0.22224886557559392,0.11990894208745104,0.16615281952196473,0.16503500660993198,0.8505489025771376,8.534210392881219,36.26125674082671,0.7478227538556883,0.7343468125602086,0.20085649424786353,0.2221230783572699,0.476771285930984,0.5,18.688775307152454,0.36542028363298845,0.40007308357289445,0.6748613856304715,0.549658853775054,0.5552062547511983,0.706472908485604,114,4,0,240,True,True,True,True,True,True,True,True,0.7343468125602086,71.91722809469465,0.07607630400002563
local|2|daklak|0|3,ok,2,daklak,0,3,64,4,4,0.22224886557559392,0.11990894208745104,0.16615281952196473,0.16503500660993198,0.8505489025771376,8.534210392881219,36.26125674082671,0.7478227538556883,0.7343468125602086,0.20085649424786353,0.2221230783572699,0.476771285930984,0.5,18.688775307152454,0.36542028363298845,0.40007308357289445,0.6748613856304715,0.549658853775054,0.5552062547511983,0.706472908485604,114,4,0,240,True,True,True,True,True,True,True,True,0.7343468125602086,71.91722809469465,0.08531428100013727
local|2|daklak|1|0,ok,2,daklak,1,0,58,3,3,0.11084329951889581,0.05904867981450768,0.06053194905442506,0.1751971014743045,0.843157895753522,5.483561763666999,37.320454709132584,0.2072072072072072,1.0155161918931095,0.10249179759603552,0.1356869013751456,0.22761311137816323,0.36363636363636365,13.768256718233788,0.13459261183330373,0.15864418127992777,0.3514146060006368,0.7614964610611327,0.8552907536881291,0.647705324398926,63,3,0,0,True,True,True,True,True,True,True,True,1.0155161918931095,20.46366548736304,0.007537216999935481
local|2|daklak|1|1,ok,2,daklak,1,1,58,3,3,0.11084329951889581,0.05904867981450768,0.06053194905442506,0.1751971014743045,0.843157895753522,5.483561763666999,37.320454709132584,0.2072072072072072,1.0155161918931095,0.10249179759603552,0.1356869013751456,0.22761311137816323,0.36363636363636365,13.768256718233788,0.13459261183330373,0.15864418127992777,0.3514146060006368,0.7614964610611327,0.8552907536881291,0.647705324398926,63,3,0,165,True,True,True,True,True,True,True,True,1.0155161918931095,20.46366548736304,0.060405963999983214
local|2|daklak|1|3,ok,2,daklak,1,3,58,3,3,0.11084329951889581,0.05904867981450768,0.06053194905442506,0.1751971014743045,0.843157895753522,5.483561763666999,37.320454709132584,0.2072072072072072,1.0155161918931095,0.10249179759603552,0.1356869013751456,0.22761311137816323,0.36363636363636365,13.768256718233788,0.13459261183330373,0.15864418127992777,0.3514146060006368,0.7614964610611327,0.8552907536881291,0.647705324398926,63,3,0,165,True,True,True,True,True,True,True,True,1.0155161918931095,20.46366548736304,0.05367620300012277
local|2|dienbien|0|0,ok,2,dienbien,0,0,6,1,1,0.1329488104617827,0.10725622559567743,0.07343682947267635,0.20312858681798301,0.8161021296764066,14.154170735048584,75.0214122660238,0.0,,0.0,0.0,0.0,0.0,42.14155616580112,0.034180316451623415,0.03418074736845421,0.03418074736845421,0.0,0.0,0.0,6,1,0,0,True,True,True,True,True,True,True,True,,27.09046606636566,0.0014544309999564575
local|2|dienbien|0|1,ok,2,dienbien,0,1,6,1,1,0.1329488104617827,0.10725622559567743,0.07343682947267635,0.20312858681798301,0.8161021296764066,14.154170735048584,75.0214122660238,0.0,,0.0,0.0,0.0,0.0,42.14155616580112,0.034180316451623415,0.03418074736845421,0.03418074736845421,0.0,0.0,0.0,6,1,0,5,True,True,True,True,True,True,True,True,,27.09046606636566,0.005969498000013118
local|2|dienbien|0|3,ok,2,dienbien,0,3,6,1,1,0.1329488104617827,0.10725622559567743,0.07343682947267635,0.20312858681798301,0.8161021296764066,14.154170735048584,75.0214122660238,0.0,,0.0,0.0,0.0,0.0,42.14155616580112,0.034180316451623415,0.03418074736845421,0.03418074736845421,0.0,0.0,0.0,6,1,0,5,True,True,True,True,True,True,True,True,,27.09046606636566,0.004028354999945805
local|2|dienbien|1|0,ok,2,dienbien,1,0,6,1,1,0.1356059387049326,0.07321669979154156,0.056103299111808114,0.07089459315533486,0.9351040061611826,7.334327316944345,30.143067637685732,0.0,,0.017503880229025506,0.012972995633993806,0.1216052452732635,0.25,27.60517313173638,0.07975024164481015,0.07213247822661191,0.1807647278658816,0.21948372654447743,0.17984957612627353,0.6727266248727933,6,1,0,0,True,True,True,True,True,True,True,True,,51.974201129682534,0.0013829259999056376
local|2|dienbien|1|1,ok,2,dienbien,1,1,6,1,1,0.1356059387049326,0.07321669979154156,0.056103299111808114,0.07089459315533486,0.9351040061611826,7.334327316944345,30.143067637685732,0.0,,0.017503880229025506,0.012972995633993806,0.1216052452732635,0.25,27.60517313173638,0.07975024164481015,0.07213247822661191,0.1807647278658816,0.21948372654447743,0.17984957612627353,0.6727266248727933,6,1,0,5,True,True,True,True,True,True,True,True,,51.974201129682534,0.003598544999931619
local|2|dienbien|1|3,ok,2,dienbien,1,3,6,1,1,0.1356059387049326,0.07321669979154156,0.056103299111808114,0.07089459315533486,0.9351040061611826,7.334327316944345,30.143067637685732,0.0,,0.017503880229025506,0.012972995633993806,0.1216052452732635,0.25,27.60517313173638,0.07975024164481015,0.07213247822661191,0.1807647278658816,0.21948372654447743,0.17984957612627353,0.6727266248727933,6,1,0,5,True,True,True,True,True,True,True,True,,51.974201129682534,0.00360672900001191
local|2|dongnai|0|0,ok,2,dongnai,0,0,272,14,14,0.34096318044849444,0.21446138333361492,0.20574235780341713,0.1564887427547597,0.85710757664918,6.342070825621583,22.057088819317038,0.11617508751714048,0.5080804557358618,0.1698423141484745,0.20755770563275514,0.36124424724599613,0.4117647058823529,10.832136936893232,0.3762557884872886,0.41154921359298874,0.6088014317534989,0.4514011992514833,0.5043326503304273,0.593369575701429,817,14,0,0,True,True,True,True,True,True,True,True,0.5080804557358618,33.198549829022895,0.11621304499999496
local|2|dongnai|0|1,ok,2,dongnai,0,1,272,14,14,0.34114165809585784,0.21771360581127855,0.2074799969630867,0.15658571184619183,0.8568758060278956,6.333490252358606,22.057088819317038,0.11909271745566505,0.5080804557358618,0.17050883191523064,0.20755770563275514,0.36124424724599613,0.4117647058823529,10.827762000224844,0.3762557884872886,0.41154921359298874,0.6088014317534989,0.4531726477903505,0.5043326503304273,0.593369575701429,817,14,1,1400,True,True,True,True,True,True,True,True,0.5080804557358618,33.198549829022895,0.7266140759998052
local|2|dongnai|0|3,ok,2,dongnai,0,3,272,14,14,0.34114165809585784,0.21771360581127855,0.2074799969630867,0.15658571184619183,0.8568758060278956,6.333490252358606,22.057088819317038,0.11909271745566505,0.5080804557358618,0.17050883191523064,0.20755770563275514,0.36124424724599613,0.4117647058823529,10.827762000224844,0.3762557884872886,0.41154921359298874,0.6088014317534989,0.4531726477903505,0.5043326503304273,0.593369575701429,817,14,1,2800,True,True,True,True,True,True,True,True,0.5080804557358618,33.198549829022895,1.4775301370000307
local|2|dongnai|1|0,ok,2,dongnai,1,0,247,13,13,0.14783573985508563,0.0946223082093985,0.08749560338168254,0.20238966045223564,0.8177722610095515,3.2881035200008517,12.30424784639308,0.008662508662508662,2.4602976655278153,0.0,0.0,0.0,0.0,37.28622560317082,0.03342330273354287,0.017944037465709235,0.16634650344416305,0.0,0.0,0.0,274,13,0,0,True,True,True,True,True,True,True,True,2.4602976655278153,2.5251393280085077,0.02266669699997692
local|2|dongnai|1|1,ok,2,dongnai,1,1,247,13,13,0.14783573985508563,0.0946223082093985,0.08749560338168254,0.20238966045223564,0.8177722610095515,3.2881035200008517,12.30424784639308,0.008662508662508662,2.4602976655278153,0.0,0.0,0.0,0.0,37.28622560317082,0.03342330273354287,0.017944037465709235,0.16634650344416305,0.0,0.0,0.0,274,13,0,1300,True,True,True,True,True,True,True,True,2.4602976655278153,2.5251393280085077,0.32968988800007537
local|2|dongnai|1|3,ok,2,dongnai,1,3,247,13,13,0.14783573985508563,0.0946223082093985,0.08749560338168254,0.20238966045223564,0.8177722610095515,3.2881035200008517,12.30424784639308,0.008662508662508662,2.4602976655278153,0.0,0.0,0.0,0.0,37.28622560317082,0.03342330273354287,0.017944037465709235,0.16634650344416305,0.0,0.0,0.0,274,13,0,1300,True,True,True,True,True,True,True,True,2.4602976655278153,2.5251393280085077,0.28826014800006305
local|2|nghean|0|0,ok,2,nghean,0,0,52,3,3,0.12890135397209723,0.06637068411755234,0.04487126361946733,0.14090196463491347,0.8738488764859333,8.328071979953783,42.63148918868633,0.844017094017094,0.6176296636726241,0.0,0.0,0.0,0.0,39.06590487288238,0.09476584353201947,0.09028543246280077,0.126193563502359,0.0,0.0,0.0,61,3,0,0,True,True,True,True,True,True,True,True,0.6176296636726241,5.014785684710894,0.00480491999996957
local|2|nghean|0|1,ok,2,nghean,0,1,52,3,3,0.12890135397209723,0.06637068411755234,0.04487126361946733,0.14090196463491347,0.8738488764859333,8.328071979953783,42.63148918868633,0.844017094017094,0.6176296636726241,0.0,0.0,0.0,0.0,39.06590487288238,0.09476584353201947,0.09028543246280077,0.126193563502359,0.0,0.0,0.0,61,3,0,147,True,True,True,True,True,True,True,True,0.6176296636726241,5.014785684710894,0.04311062399983712
local|2|nghean|0|3,ok,2,nghean,0,3,52,3,3,0.12890135397209723,0.06637068411755234,0.04487126361946733,0.14090196463491347,0.8738488764859333,8.328071979953783,42.63148918868633,0.844017094017094,0.6176296636726241,0.0,0.0,0.0,0.0,39.06590487288238,0.09476584353201947,0.09028543246280077,0.126193563502359,0.0,0.0,0.0,61,3,0,147,True,True,True,True,True,True,True,True,0.6176296636726241,5.014785684710894,0.032328735000191955
local|2|nghean|1|0,ok,2,nghean,1,0,50,3,3,0.1474530928931041,0.06637068411755234,0.05463736217193963,0.21190778316083955,0.8088078615405598,5.919425915676723,25.726638102103916,0.844017094017094,0.6176296636726241,0.0,0.0,0.0,0.0,93.00946163513522,0.0,0.0,0.0,,,,59,3,0,0,True,True,True,True,True,True,True,True,0.6176296636726241,5.014785684710894,0.004465100000061284
local|2|nghean|1|1,ok,2,nghean,1,1,50,3,3,0.1474530928931041,0.06637068411755234,0.05463736217193963,0.21190778316083955,0.8088078615405598,5.919425915676723,25.726638102103916,0.844017094017094,0.6176296636726241,0.0,0.0,0.0,0.0,93.00946163513522,0.0,0.0,0.0,,,,59,3,0,141,True,True,True,True,True,True,True,True,0.6176296636726241,5.014785684710894,0.030511209999986022
local|2|nghean|1|3,ok,2,nghean,1,3,50,3,3,0.1474530928931041,0.06637068411755234,0.05463736217193963,0.21190778316083955,0.8088078615405598,5.919425915676723,25.726638102103916,0.844017094017094,0.6176296636726241,0.0,0.0,0.0,0.0,93.00946163513522,0.0,0.0,0.0,,,,59,3,0,141,True,True,True,True,True,True,True,True,0.6176296636726241,5.014785684710894,0.030734341999959724
local|2|ninhbinh|0|0,ok,2,ninhbinh,0,0,86,5,5,0.07608909768209121,0.04953036295159839,0.022227043168203384,0.26303682720754923,0.7632832036290351,3.199488617236083,17.43464681338878,0.09090909090909091,0.5536470333040324,0.0,0.0,0.0,0.0,35.72492318353568,0.028715636920823174,0.01460607296562848,0.13431885816703398,0.0,0.0,0.0,96,5,0,0,True,True,True,True,True,True,True,True,0.5536470333040324,0.6207909270888728,0.007935626000062257
local|2|ninhbinh|0|1,ok,2,ninhbinh,0,1,86,5,5,0.07608909768209121,0.04953036295159839,0.022227043168203384,0.26303682720754923,0.7632832036290351,3.199488617236083,17.43464681338878,0.09090909090909091,0.5536470333040324,0.0,0.0,0.0,0.0,35.72492318353568,0.028715636920823174,0.01460607296562848,0.13431885816703398,0.0,0.0,0.0,96,5,0,405,True,True,True,True,True,True,True,True,0.5536470333040324,0.6207909270888728,0.09095789200000581
local|2|ninhbinh|0|3,ok,2,ninhbinh,0,3,86,5,5,0.07608909768209121,0.04953036295159839,0.022227043168203384,0.26303682720754923,0.7632832036290351,3.199488617236083,17.43464681338878,0.09090909090909091,0.5536470333040324,0.0,0.0,0.0,0.0,35.72492318353568,0.028715636920823174,0.01460607296562848,0.13431885816703398,0.0,0.0,0.0,96,5,0,405,True,True,True,True,True,True,True,True,0.5536470333040324,0.6207909270888728,0.09179294199998367
local|2|ninhbinh|1|0,ok,2,ninhbinh,1,0,85,5,5,0.2973031305412439,0.14898695013474242,0.11403112533924688,0.18936936619490616,0.8262956440703402,4.860759792098086,21.322839282001073,0.306919550428817,0.7245962144251584,0.20306623058859324,0.2563717705193672,0.26946852065514654,0.3333333333333333,15.663830534087083,0.2524711162650782,0.3052610449767443,0.38386420109283664,0.8043147017870629,0.8398443716881674,0.7019891927613646,97,5,0,0,True,True,True,True,True,True,True,True,0.7245962144251584,8.200357385194721,0.008678719000045021
local|2|ninhbinh|1|1,ok,2,ninhbinh,1,1,85,5,5,0.2973031305412439,0.14898695013474242,0.11403112533924688,0.18936936619490616,0.8262956440703402,4.860759792098086,21.322839282001073,0.306919550428817,0.7245962144251584,0.20306623058859324,0.2563717705193672,0.26946852065514654,0.3333333333333333,15.663830534087083,0.2524711162650782,0.3052610449767443,0.38386420109283664,0.8043147017870629,0.8398443716881674,0.7019891927613646,97,5,0,400,True,True,True,True,True,True,True,True,0.7245962144251584,8.200357385194721,0.12131244000011066
local|2|ninhbinh|1|3,ok,2,ninhbinh,1,3,85,5,5,0.2973031305412439,0.14898695013474242,0.11403112533924688,0.18936936619490616,0.8262956440703402,4.860759792098086,21.322839282001073,0.306919550428817,0.7245962144251584,0.20306623058859324,0.2563717705193672,0.26946852065514654,0.3333333333333333,15.663830534087083,0.2524711162650782,0.3052610449767443,0.38386420109283664,0.8043147017870629,0.8398443716881674,0.7019891927613646,97,5,0,400,True,True,True,True,True,True,True,True,0.7245962144251584,8.200357385194721,0.10491995600000337
local|3|bacninh|0|0,ok,3,bacninh,0,0,234,12,12,0.2017700935281796,0.04644935115290805,0.1412686287936178,0.34312788220513984,0.6917303967129789,1.567995306957883,2.9904824053866164,0.06580051054688736,0.6687500612075871,0.0,0.0,0.0,0.0,50.832844730346174,0.40689505322266556,0.4068991745640585,0.4068991745640585,0.0,0.0,0.0,293,12,0,0,True,True,True,True,True,True,True,True,0.6687500612075871,1.918212285837001,0.023047371999837196
local|3|bacninh|0|1,ok,3,bacninh,0,1,234,12,12,0.20179784150235128,0.047423161858475865,0.14300766397966821,0.3437031754449479,0.6911813422885378,1.5642292693063988,2.9904824053866164,0.0660055524185959,0.6461729717236561,0.0,0.0,0.0,0.0,50.832844730346174,0.40689505322266556,0.4068991745640585,0.4068991745640585,0.0,0.0,0.0,293,12,1,1200,True,True,True,True,True,True,True,True,0.6461729717236561,1.918212285837001,0.3095469160000448
local|3|bacninh|0|3,ok,3,bacninh,0,3,234,12,12,0.20179784150235128,0.047423161858475865,0.14300766397966821,0.3437031754449479,0.6911813422885378,1.5642292693063988,2.9904824053866164,0.0660055524185959,0.6461729717236561,0.0,0.0,0.0,0.0,50.832844730346174,0.40689505322266556,0.4068991745640585,0.4068991745640585,0.0,0.0,0.0,293,12,1,2400,True,True,True,True,True,True,True,True,0.6461729717236561,1.918212285837001,0.6148580569999922
local|3|bacninh|1|0,ok,3,bacninh,1,0,237,12,12,0.21963939655330067,0.05886229843430944,0.14751060345303313,0.2680255483174019,0.7584508549907356,1.7589896061786967,5.315268276439837,0.10347280465920744,0.6156597511575779,0.03819531106765948,0.03660465208385649,0.08625514947657653,0.14285714285714285,10.426839410258813,0.12403535788073417,0.11132484871591769,0.35339267758112414,0.30793889516879586,0.3288093584323246,0.24407735346122436,314,12,0,0,True,True,True,True,True,True,True,True,0.6156597511575779,2.182596146583904,0.02724817700004678
local|3|bacninh|1|1,ok,3,bacninh,1,1,237,12,12,0.21963939655330067,0.05886229843430944,0.14751060345303313,0.2680255483174019,0.7584508549907356,1.7589896061786967,5.315268276439837,0.10347280465920744,0.6156597511575779,0.03819531106765948,0.03660465208385649,0.08625514947657653,0.14285714285714285,10.426839410258813,0.12403535788073417,0.11132484871591769,0.35339267758112414,0.30793889516879586,0.3288093584323246,0.24407735346122436,314,12,0,1200,True,True,True,True,True,True,True,True,0.6156597511575779,2.182596146583904,0.31434760799993455
local|3|bacninh|1|3,ok,3,bacninh,1,3,237,12,12,0.21963939655330067,0.05886229843430944,0.14751060345303313,0.2680255483174019,0.7584508549907356,1.7589896061786967,5.315268276439837,0.10347280465920744,0.6156597511575779,0.03819531106765948,0.03660465208385649,0.08625514947657653,0.14285714285714285,10.426839410258813,0.12403535788073417,0.11132484871591769,0.35339267758112414,0.30793889516879586,0.3288093584323246,0.24407735346122436,314,12,0,1200,True,True,True,True,True,True,True,True,0.6156597511575779,2.182596146583904,0.3065605989997948
local|3|dongthap|0|0,ok,3,dongthap,0,0,176,9,9,0.0830417548966417,0.044412753027928326,0.05070290304360567,0.20019062302691798,0.8171656278795065,3.630670870338039,13.608063364336624,0.03538359788359788,0.7682103156156804,0.0,0.0,0.0,0.0,16.21291587710243,0.08025969383962461,0.08946449319582893,0.14257903079863,0.0,0.0,0.0,209,9,0,0,True,True,True,True,True,True,True,True,0.7682103156156804,3.0527995976690705,0.013545312999895032
local|3|dongthap|0|1,ok,3,dongthap,0,1,176,9,9,0.0830417548966417,0.044412753027928326,0.05070290304360567,0.20019062302691798,0.8171656278795065,3.630670870338039,13.608063364336624,0.03538359788359788,0.7682103156156804,0.0,0.0,0.0,0.0,16.21291587710243,0.08025969383962461,0.08946449319582893,0.14257903079863,0.0,0.0,0.0,209,9,0,900,True,True,True,True,True,True,True,True,0.7682103156156804,3.0527995976690705,0.16434060300002784
local|3|dongthap|0|3,ok,3,dongthap,0,3,176,9,9,0.0830417548966417,0.044412753027928326,0.05070290304360567,0.20019062302691798,0.8171656278795065,3.630670870338039,13.608063364336624,0.03538359788359788,0.7682103156156804,0.0,0.0,0.0,0.0,16.21291587710243,0.08025969383962461,0.08946449319582893,0.14257903079863,0.0,0.0,0.0,209,9,0,900,True,True,True,True,True,True,True,True,0.7682103156156804,3.0527995976690705,0.16797002800012706
local|3|dongthap|1|0,ok,3,dongthap,1,0,177,9,9,0.13188758585341673,0.09149263052738862,0.10088307514211801,0.14098006961195025,0.8731975760303994,5.6921001183189945,16.882348457961307,0.11233262688459823,0.5108618523680943,0.11175814445758528,0.17054887009010156,0.20571795856365174,0.16666666666666666,9.32185101549943,0.2169885480622847,0.3126826246431559,0.46296420533526406,0.5150416713489694,0.5454376311595113,0.4443495980746012,210,9,0,0,True,True,True,True,True,True,True,True,0.5108618523680943,22.428798927528817,0.01773262100005013
local|3|dongthap|1|1,ok,3,dongthap,1,1,177,9,9,0.13188758585341673,0.09149263052738862,0.10088307514211801,0.14098006961195025,0.8731975760303994,5.6921001183189945,16.882348457961307,0.11233262688459823,0.5108618523680943,0.11175814445758528,0.17054887009010156,0.20571795856365174,0.16666666666666666,9.32185101549943,0.2169885480622847,0.3126826246431559,0.46296420533526406,0.5150416713489694,0.5454376311595113,0.4443495980746012,210,9,0,900,True,True,True,True,True,True,True,True,0.5108618523680943,22.428798927528817,0.17685284000003776
local|3|dongthap|1|3,ok,3,dongthap,1,3,177,9,9,0.13188758585341673,0.09149263052738862,0.10088307514211801,0.14098006961195025,0.8731975760303994,5.6921001183189945,16.882348457961307,0.11233262688459823,0.5108618523680943,0.11175814445758528,0.17054887009010156,0.20571795856365174,0.16666666666666666,9.32185101549943,0.2169885480622847,0.3126826246431559,0.46296420533526406,0.5150416713489694,0.5454376311595113,0.4443495980746012,210,9,0,900,True,True,True,True,True,True,True,True,0.5108618523680943,22.428798927528817,0.1747846410000875
local|3|langson|0|0,ok,3,langson,0,0,19,1,1,0.02969171844969888,0.006607003116470419,0.037463591360723386,0.1757820744626137,0.8409422733157248,2.6513205856981163,16.059310228827712,0.0,,0.0,0.0,0.0,0.0,20.122391714821113,0.18541711230901853,0.2863639788683639,0.2863639788683639,0.0,0.0,0.0,19,1,0,0,True,True,True,True,True,True,True,True,,32.28309039258655,0.0014529200000197307
local|3|langson|0|1,ok,3,langson,0,1,19,1,1,0.02969171844969888,0.006607003116470419,0.037463591360723386,0.1757820744626137,0.8409422733157248,2.6513205856981163,16.059310228827712,0.0,,0.0,0.0,0.0,0.0,20.122391714821113,0.18541711230901853,0.2863639788683639,0.2863639788683639,0.0,0.0,0.0,19,1,0,18,True,True,True,True,True,True,True,True,,32.28309039258655,0.006065241999976934
local|3|langson|0|3,ok,3,langson,0,3,19,1,1,0.02969171844969888,0.006607003116470419,0.037463591360723386,0.1757820744626137,0.8409422733157248,2.6513205856981163,16.059310228827712,0.0,,0.0,0.0,0.0,0.0,20.122391714821113,0.18541711230901853,0.2863639788683639,0.2863639788683639,0.0,0.0,0.0,19,1,0,18,True,True,True,True,True,True,True,True,,32.28309039258655,0.005949344000100609
local|3|langson|1|0,ok,3,langson,1,0,23,2,2,0.27273013505393007,0.27157496680944304,0.19619127918143622,0.08561324548899804,0.9227059876276886,7.529567828136673,26.14437677946124,0.9746835443037974,0.7220698276929489,0.15594936371164164,0.16209580005665858,0.23885177689324916,0.16666666666666666,10.39021797104402,0.2854653359014307,0.3045071322358878,0.4343428613807377,0.5462987764142752,0.5323218502845783,0.5499152815219764,28,2,0,0,True,True,True,True,True,True,True,True,0.7220698276929489,31.947009401094306,0.002190595999991274
local|3|langson|1|1,ok,3,langson,1,1,23,2,2,0.27273013505393007,0.27157496680944304,0.19619127918143622,0.08561324548899804,0.9227059876276886,7.529567828136673,26.14437677946124,0.9746835443037974,0.7220698276929489,0.15594936371164164,0.16209580005665858,0.23885177689324916,0.16666666666666666,10.39021797104402,0.2854653359014307,0.3045071322358878,0.4343428613807377,0.5462987764142752,0.5323218502845783,0.5499152815219764,28,2,0,42,True,True,True,True,True,True,True,True,0.7220698276929489,31.947009401094306,0.012634229000013875
local|3|langson|1|3,ok,3,langson,1,3,23,2,2,0.27273013505393007,0.27157496680944304,0.19619127918143622,0.08561324548899804,0.9227059876276886,7.529567828136673,26.14437677946124,0.9746835443037974,0.7220698276929489,0.15594936371164164,0.16209580005665858,0.23885177689324916,0.16666666666666666,10.39021797104402,0.2854653359014307,0.3045071322358878,0.4343428613807377,0.5462987764142752,0.5323218502845783,0.5499152815219764,28,2,0,42,True,True,True,True,True,True,True,True,0.7220698276929489,31.947009401094306,0.013161034000177096
local|3|laocai|0|0,ok,3,laocai,0,0,31,2,2,0.025057730238364113,0.014911830097577296,0.0091812703378204,0.1726405874555185,0.8453448180266918,3.2306675767027766,12.400401633958813,0.0,31.185125316859438,0.0,0.0,0.0,0.0,34.10870357300593,0.23875709535787845,0.238788855795735,0.238788855795735,0.0,0.0,0.0,32,2,0,0,True,True,True,True,True,True,True,True,31.185125316859438,8.706321755969402,0.0035650110000915447
local|3|laocai|0|1,ok,3,laocai,0,1,31,2,2,0.025057730238364113,0.014911830097577296,0.0091812703378204,0.1726405874555185,0.8453448180266918,3.2306675767027766,12.400401633958813,0.0,31.185125316859438,0.0,0.0,0.0,0.0,34.10870357300593,0.23875709535787845,0.238788855795735,0.238788855795735,0.0,0.0,0.0,32,2,0,58,True,True,True,True,True,True,True,True,31.185125316859438,8.706321755969402,0.013928785000189237
local|3|laocai|0|3,ok,3,laocai,0,3,31,2,2,0.025057730238364113,0.014911830097577296,0.0091812703378204,0.1726405874555185,0.8453448180266918,3.2306675767027766,12.400401633958813,0.0,31.185125316859438,0.0,0.0,0.0,0.0,34.10870357300593,0.23875709535787845,0.238788855795735,0.238788855795735,0.0,0.0,0.0,32,2,0,58,True,True,True,True,True,True,True,True,31.185125316859438,8.706321755969402,0.014157114999989062
local|3|laocai|1|0,ok,3,laocai,1,0,38,2,2,0.0820967848768815,0.046122910140167006,0.022197885038244304,0.14733681986541386,0.8663848976773803,4.237230689279598,20.36856141279863,0.04,3.6707215673259355,0.18904182836504846,0.18611691237671704,0.27927987318382774,0.16666666666666666,19.4105230769246,0.4681253012714287,0.5050561813659946,0.6342180120832004,0.40382741084835766,0.36850734481327996,0.44035310865184035,39,2,0,0,True,True,True,True,True,True,True,True,3.6707215673259355,59.58335641179895,0.002977297000143153
local|3|laocai|1|1,ok,3,laocai,1,1,38,2,2,0.0820967848768815,0.046122910140167006,0.022197885038244304,0.14733681986541386,0.8663848976773803,4.237230689279598,20.36856141279863,0.04,3.6707215673259355,0.18904182836504846,0.18611691237671704,0.27927987318382774,0.16666666666666666,19.4105230769246,0.4681253012714287,0.5050561813659946,0.6342180120832004,0.40382741084835766,0.36850734481327996,0.44035310865184035,39,2,0,72,True,True,True,True,True,True,True,True,3.6707215673259355,59.58335641179895,0.019204991999913545
local|3|laocai|1|3,ok,3,laocai,1,3,38,2,2,0.0820967848768815,0.046122910140167006,0.022197885038244304,0.14733681986541386,0.8663848976773803,4.237230689279598,20.36856141279863,0.04,3.6707215673259355,0.18904182836504846,0.18611691237671704,0.27927987318382774,0.16666666666666666,19.4105230769246,0.4681253012714287,0.5050561813659946,0.6342180120832004,0.40382741084835766,0.36850734481327996,0.44035310865184035,39,2,0,72,True,True,True,True,True,True,True,True,3.6707215673259355,59.58335641179895,0.017306007999877693
local|3|quangngai|0|0,ok,3,quangngai,0,0,47,3,3,0.15190932317297073,0.1023873159960626,0.10259700183730995,0.14508915263325123,0.8648740049777479,5.077760611972547,35.00015184313861,0.2624113475177305,0.6876531179829749,0.19227783577975785,0.19427776103221123,0.2529652730625186,0.0,5.125748336258217,0.21997939861551483,0.2529652730625186,0.2844225399001173,0.8740720130607574,0.76800170505695,0.8893995291349069,51,3,0,0,True,True,True,True,True,True,True,True,0.6876531179829749,49.83431815070977,0.004031385999951453
local|3|quangngai|0|1,ok,3,quangngai,0,1,47,3,3,0.15190932317297073,0.1023873159960626,0.10259700183730995,0.14508915263325123,0.8648740049777479,5.077760611972547,35.00015184313861,0.2624113475177305,0.6876531179829749,0.19227783577975785,0.19427776103221123,0.2529652730625186,0.0,5.125748336258217,0.21997939861551483,0.2529652730625186,0.2844225399001173,0.8740720130607574,0.76800170505695,0.8893995291349069,51,3,0,132,True,True,True,True,True,True,True,True,0.6876531179829749,49.83431815070977,0.026667414000030476
local|3|quangngai|0|3,ok,3,quangngai,0,3,47,3,3,0.15190932317297073,0.1023873159960626,0.10259700183730995,0.14508915263325123,0.8648740049777479,5.077760611972547,35.00015184313861,0.2624113475177305,0.6876531179829749,0.19227783577975785,0.19427776103221123,0.2529652730625186,0.0,5.125748336258217,0.21997939861551483,0.2529652730625186,0.2844225399001173,0.8740720130607574,0.76800170505695,0.8893995291349069,51,3,0,132,True,True,True,True,True,True,True,True,0.6876531179829749,49.83431815070977,0.027928443000064362
local|3|quangngai|1|0,ok,3,quangngai,1,0,56,3,3,0.10684960075193525,0.07331726005738044,0.055376826855567114,0.10115908690092285,0.9069142022425289,13.817608664356655,43.30531724388556,0.3945611577964519,1.1326063370110684,0.16397255673127628,0.2056663155438547,0.2631990012549866,0.4444444444444444,14.153618717041137,0.396426901898135,0.47955966502192837,0.5405988248927383,0.4136262093872991,0.42886491618191114,0.4868656555204474,77,3,0,0,True,True,True,True,True,True,True,True,1.1326063370110684,78.24935050215684,0.005379866000112088
local|3|quangngai|1|1,ok,3,quangngai,1,1,56,3,3,0.10684960075193525,0.07331726005738044,0.055376826855567114,0.10115908690092285,0.9069142022425289,13.817608664356655,43.30531724388556,0.3945611577964519,1.1326063370110684,0.16397255673127628,0.2056663155438547,0.2631990012549866,0.4444444444444444,14.153618717041137,0.396426901898135,0.47955966502192837,0.5405988248927383,0.4136262093872991,0.42886491618191114,0.4868656555204474,77,3,0,159,True,True,True,True,True,True,True,True,1.1326063370110684,78.24935050215684,0.034314883999968515
local|3|quangngai|1|3,ok,3,quangngai,1,3,56,3,3,0.10684960075193525,0.07331726005738044,0.055376826855567114,0.10115908690092285,0.9069142022425289,13.817608664356655,43.30531724388556,0.3945611577964519,1.1326063370110684,0.16397255673127628,0.2056663155438547,0.2631990012549866,0.4444444444444444,14.153618717041137,0.396426901898135,0.47955966502192837,0.5405988248927383,0.4136262093872991,0.42886491618191114,0.4868656555204474,77,3,0,159,True,True,True,True,True,True,True,True,1.1326063370110684,78.24935050215684,0.03450785800009726
local|3|thanhhoa|0|0,ok,3,thanhhoa,0,0,54,3,3,0.1231597109785769,0.055725835405902854,0.03592932178021291,0.13121211712157685,0.8804700920959201,6.232439644767732,17.393624793727305,0.13636363636363638,0.9363928923821783,0.06106611939477388,0.05280655507249578,0.1627467769528719,0.21052631578947367,10.063719609322984,0.06727493858703862,0.05690443973677714,0.21356231300892384,0.9077097753982797,0.9279865563524227,0.7620575683972454,56,3,0,0,True,True,True,True,True,True,True,True,0.9363928923821783,8.761895395618163,0.0036515939998480462
local|3|thanhhoa|0|1,ok,3,thanhhoa,0,1,54,3,3,0.1231597109785769,0.055725835405902854,0.03592932178021291,0.13121211712157685,0.8804700920959201,6.232439644767732,17.393624793727305,0.13636363636363638,0.9363928923821783,0.06106611939477388,0.05280655507249578,0.1627467769528719,0.21052631578947367,10.063719609322984,0.06727493858703862,0.05690443973677714,0.21356231300892384,0.9077097753982797,0.9279865563524227,0.7620575683972454,56,3,0,153,True,True,True,True,True,True,True,True,0.9363928923821783,8.761895395618163,0.031196920999946087
local|3|thanhhoa|0|3,ok,3,thanhhoa,0,3,54,3,3,0.1231597109785769,0.055725835405902854,0.03592932178021291,0.13121211712157685,0.8804700920959201,6.232439644767732,17.393624793727305,0.13636363636363638,0.9363928923821783,0.06106611939477388,0.05280655507249578,0.1627467769528719,0.21052631578947367,10.063719609322984,0.06727493858703862,0.05690443973677714,0.21356231300892384,0.9077097753982797,0.9279865563524227,0.7620575683972454,56,3,0,153,True,True,True,True,True,True,True,True,0.9363928923821783,8.761895395618163,0.02993412000000717
local|3|thanhhoa|1|0,ok,3,thanhhoa,1,0,51,3,3,0.09476866473783527,0.07580223672378386,0.01818143428702492,0.18190702563459538,0.8373019613558372,5.657427498382376,31.564277240362163,0.2857142857142857,0.9450238571284122,0.0,0.0,0.0,0.0,74.41467931749747,0.016250315924465086,0.02829769336501307,0.02829769336501307,0.0,0.0,0.0,54,3,0,0,True,True,True,True,True,True,True,True,0.9450238571284122,0.8928247840541883,0.0037316419998205674
local|3|thanhhoa|1|1,ok,3,thanhhoa,1,1,51,3,3,0.09476866473783527,0.07580223672378386,0.01818143428702492,0.18190702563459538,0.8373019613558372,5.657427498382376,31.564277240362163,0.2857142857142857,0.9450238571284122,0.0,0.0,0.0,0.0,74.41467931749747,0.016250315924465086,0.02829769336501307,0.02829769336501307,0.0,0.0,0.0,54,3,0,144,True,True,True,True,True,True,True,True,0.9450238571284122,0.8928247840541883,0.026054012000031435
local|3|thanhhoa|1|3,ok,3,thanhhoa,1,3,51,3,3,0.09476866473783527,0.07580223672378386,0.01818143428702492,0.18190702563459538,0.8373019613558372,5.657427498382376,31.564277240362163,0.2857142857142857,0.9450238571284122,0.0,0.0,0.0,0.0,74.41467931749747,0.016250315924465086,0.02829769336501307,0.02829769336501307,0.0,0.0,0.0,54,3,0,144,True,True,True,True,True,True,True,True,0.9450238571284122,0.8928247840541883,0.03212824999991426
local|4|angiang|0|0,ok,4,angiang,0,0,231,12,12,0.21451615223598758,0.13435220570584727,0.11191010385375987,0.215343733521576,0.80662345869867,4.797620382757305,21.774780898203183,0.1292485589277033,0.5076938819520648,0.15605139104422275,0.22245055940887962,0.37989330048695014,0.25,10.61946102746069,0.21348870362671854,0.2640201795922938,0.44457542856459853,0.7309585396943344,0.8425513525231028,0.8545080903672798,284,12,0,0,True,True,True,True,True,True,True,True,0.5076938819520648,0.4042485359430579,0.02020980299994335
local|4|angiang|0|1,ok,4,angiang,0,1,231,12,12,0.21470400305514603,0.1355860532522463,0.11200657257022689,0.21558942581903107,0.8064167799630431,4.790507005437522,21.774780898203183,0.1256834965391115,0.5076938819520648,0.15417627848064108,0.22245055940887962,0.37989330048695014,0.25,10.61347538940902,0.21348870362671854,0.2640201795922938,0.44457542856459853,0.7221753463368992,0.8425513525231028,0.8545080903672798,284,12,1,1200,True,True,True,True,True,True,True,True,0.5076938819520648,0.4042485359430579,0.2540305190000254
local|4|angiang|0|3,ok,4,angiang,0,3,231,12,12,0.21470400305514603,0.1355860532522463,0.11200657257022689,0.21558942581903107,0.8064167799630431,4.790507005437522,21.774780898203183,0.1256834965391115,0.5076938819520648,0.15417627848064108,0.22245055940887962,0.37989330048695014,0.25,10.61347538940902,0.21348870362671854,0.2640201795922938,0.44457542856459853,0.7221753463368992,0.8425513525231028,0.8545080903672798,284,12,1,2400,True,True,True,True,True,True,True,True,0.5076938819520648,0.4042485359430579,0.5297828360000949
local|4|angiang|1|0,ok,4,angiang,1,0,230,12,12,0.1894353384134428,0.10687646659336406,0.23398522843437036,0.17279355610504543,0.8445387277195937,3.3591256908953318,10.532347397911687,0.08107995704894477,0.5214984446305326,0.31230343415635575,0.330834662114017,0.525576800257949,0.5714285714285714,3.017658649743671,0.48459762759322894,0.4599155650734925,0.8934592862006111,0.6444592717207916,0.7193378246747336,0.5882493006401409,296,12,0,0,True,True,True,True,True,True,True,True,0.5214984446305326,0.8067116585031279,0.023021656000082658
local|4|angiang|1|1,ok,4,angiang,1,1,230,12,12,0.1894353384134428,0.10687646659336406,0.23398522843437036,0.17279355610504543,0.8445387277195937,3.3591256908953318,10.532347397911687,0.08107995704894477,0.5214984446305326,0.31230343415635575,0.330834662114017,0.525576800257949,0.5714285714285714,3.017658649743671,0.48459762759322894,0.4599155650734925,0.8934592862006111,0.6444592717207916,0.7193378246747336,0.5882493006401409,296,12,0,1200,True,True,True,True,True,True,True,True,0.5214984446305326,0.8067116585031279,0.2973167510001531
local|4|angiang|1|3,ok,4,angiang,1,3,230,12,12,0.1894353384134428,0.10687646659336406,0.23398522843437036,0.17279355610504543,0.8445387277195937,3.3591256908953318,10.532347397911687,0.08107995704894477,0.5214984446305326,0.31230343415635575,0.330834662114017,0.525576800257949,0.5714285714285714,3.017658649743671,0.48459762759322894,0.4599155650734925,0.8934592862006111,0.6444592717207916,0.7193378246747336,0.5882493006401409,296,12,0,1200,True,True,True,True,True,True,True,True,0.5214984446305326,0.8067116585031279,0.9808279779999793
local|4|camau|0|0,ok,4,camau,0,0,21,2,2,0.09228418292712419,0.03329712882892516,0.10971372533527292,0.11247351448247518,0.8943079134012644,7.774880357004714,28.455873219291018,0.15384615384615385,2.9175310043218374,0.05176191820937884,0.07684104066833787,0.2597999402949478,0.2857142857142857,7.5613687778969405,0.056448545648829486,0.07684104066833787,0.4077824768853564,0.9169752314150572,1.0,0.6371042284094707,23,2,0,0,True,True,True,True,True,True,True,True,2.9175310043218374,8.970676718071541,0.002579342999979417
local|4|camau|0|1,ok,4,camau,0,1,21,2,2,0.09228418292712419,0.03329712882892516,0.10971372533527292,0.11247351448247518,0.8943079134012644,7.774880357004714,28.455873219291018,0.15384615384615385,2.9175310043218374,0.05176191820937884,0.07684104066833787,0.2597999402949478,0.2857142857142857,7.5613687778969405,0.056448545648829486,0.07684104066833787,0.4077824768853564,0.9169752314150572,1.0,0.6371042284094707,23,2,0,38,True,True,True,True,True,True,True,True,2.9175310043218374,8.970676718071541,0.11746009500006949
local|4|camau|0|3,ok,4,camau,0,3,21,2,2,0.09228418292712419,0.03329712882892516,0.10971372533527292,0.11247351448247518,0.8943079134012644,7.774880357004714,28.455873219291018,0.15384615384615385,2.9175310043218374,0.05176191820937884,0.07684104066833787,0.2597999402949478,0.2857142857142857,7.5613687778969405,0.056448545648829486,0.07684104066833787,0.4077824768853564,0.9169752314150572,1.0,0.6371042284094707,23,2,0,38,True,True,True,True,True,True,True,True,2.9175310043218374,8.970676718071541,0.042705957000180206
local|4|camau|1|0,ok,4,camau,1,0,22,2,2,0.14868166599209198,0.12424612821682299,0.16488506285950413,0.21860647093390387,0.8002838439135944,4.394067988121234,19.786707457405928,0.0,135.93791054273058,0.14025588933017014,0.22305601751527482,0.25093153471036805,0.3333333333333333,8.099299134296457,0.17281424091098674,0.22305601751527482,0.25093153471036805,0.8115991401565871,1.0,1.0,23,2,0,0,True,True,True,True,True,True,True,True,135.93791054273058,29.542256402632063,0.007010015000105341
local|4|camau|1|1,ok,4,camau,1,1,22,2,2,0.14868166599209198,0.12424612821682299,0.16488506285950413,0.21860647093390387,0.8002838439135944,4.394067988121234,19.786707457405928,0.0,135.93791054273058,0.14025588933017014,0.22305601751527482,0.25093153471036805,0.3333333333333333,8.099299134296457,0.17281424091098674,0.22305601751527482,0.25093153471036805,0.8115991401565871,1.0,1.0,23,2,0,40,True,True,True,True,True,True,True,True,135.93791054273058,29.542256402632063,0.03762212199990245
local|4|camau|1|3,ok,4,camau,1,3,22,2,2,0.14868166599209198,0.12424612821682299,0.16488506285950413,0.21860647093390387,0.8002838439135944,4.394067988121234,19.786707457405928,0.0,135.93791054273058,0.14025588933017014,0.22305601751527482,0.25093153471036805,0.3333333333333333,8.099299134296457,0.17281424091098674,0.22305601751527482,0.25093153471036805,0.8115991401565871,1.0,1.0,23,2,0,40,True,True,True,True,True,True,True,True,135.93791054273058,29.542256402632063,0.048887644999922486
local|4|hatinh|0|0,ok,4,hatinh,0,0,53,3,3,0.2838089395858614,0.24345114074712654,0.17495683732247852,0.12552893937259518,0.8869665878995565,2.9754423378939405,8.716722022805815,0.2857142857142857,0.7350738684747197,0.14149003335221594,0.1338403039504708,0.35424091464243,0.3333333333333333,6.941859178058002,0.21815291953270222,0.21951227559038833,0.43991288628234754,0.6485818922584067,0.6097167167098112,0.8052524163046885,55,3,0,0,True,True,True,True,True,True,True,True,0.7350738684747197,20.537373225629928,0.01753011499999957
local|4|hatinh|0|1,ok,4,hatinh,0,1,53,3,3,0.2838089395858614,0.24345114074712654,0.17495683732247852,0.12552893937259518,0.8869665878995565,2.9754423378939405,8.716722022805815,0.2857142857142857,0.7350738684747197,0.14149003335221594,0.1338403039504708,0.35424091464243,0.3333333333333333,6.941859178058002,0.21815291953270222,0.21951227559038833,0.43991288628234754,0.6485818922584067,0.6097167167098112,0.8052524163046885,55,3,0,150,True,True,True,True,True,True,True,True,0.7350738684747197,20.537373225629928,0.046977005000144345
local|4|hatinh|0|3,ok,4,hatinh,0,3,53,3,3,0.2838089395858614,0.24345114074712654,0.17495683732247852,0.12552893937259518,0.8869665878995565,2.9754423378939405,8.716722022805815,0.2857142857142857,0.7350738684747197,0.14149003335221594,0.1338403039504708,0.35424091464243,0.3333333333333333,6.941859178058002,0.21815291953270222,0.21951227559038833,0.43991288628234754,0.6485818922584067,0.6097167167098112,0.8052524163046885,55,3,0,150,True,True,True,True,True,True,True,True,0.7350738684747197,20.537373225629928,0.2117106099999546
local|4|hatinh|1|0,ok,4,hatinh,1,0,47,3,3,0.10620203967956665,0.02129787579386779,0.07704644152572389,0.1277567587969544,0.8850413093123997,3.509809334160047,16.468771464152105,0.6078431372549019,0.6413822550519809,0.09503435375450367,0.1954180041341853,0.20555517436025544,0.3333333333333333,10.126326480991684,0.10016222184343625,0.1954180041341853,0.20555517436025544,0.9488043696060581,1.0,1.0,71,3,0,0,True,True,True,True,True,True,True,True,0.6413822550519809,38.97357448473687,0.0312623340000755
local|4|hatinh|1|1,ok,4,hatinh,1,1,47,3,3,0.10620203967956665,0.02129787579386779,0.07704644152572389,0.1277567587969544,0.8850413093123997,3.509809334160047,16.468771464152105,0.6078431372549019,0.6413822550519809,0.09503435375450367,0.1954180041341853,0.20555517436025544,0.3333333333333333,10.126326480991684,0.10016222184343625,0.1954180041341853,0.20555517436025544,0.9488043696060581,1.0,1.0,71,3,0,132,True,True,True,True,True,True,True,True,0.6413822550519809,38.97357448473687,0.200914136999927
local|4|hatinh|1|3,ok,4,hatinh,1,3,47,3,3,0.10620203967956665,0.02129787579386779,0.07704644152572389,0.1277567587969544,0.8850413093123997,3.509809334160047,16.468771464152105,0.6078431372549019,0.6413822550519809,0.09503435375450367,0.1954180041341853,0.20555517436025544,0.3333333333333333,10.126326480991684,0.10016222184343625,0.1954180041341853,0.20555517436025544,0.9488043696060581,1.0,1.0,71,3,0,132,True,True,True,True,True,True,True,True,0.6413822550519809,38.97357448473687,0.06431901400014794
local|4|quangninh|0|0,ok,4,quangninh,0,0,93,5,5,0.10771631204232407,0.029847969494265922,0.04971062563205989,0.2517245216404907,0.7749601451396511,2.507198586074379,7.253700876299609,0.04,1.6669409653472127,0.20967274924168455,0.18605349053856507,0.4274356007322663,0.6,19.52821727349504,0.24858507307068406,0.22650081734886543,0.4678829275425666,0.8434647609837178,0.8214252500996417,0.9135524627437479,98,5,0,0,True,True,True,True,True,True,True,True,1.6669409653472127,4.702468870663851,0.034076732000130505
local|4|quangninh|0|1,ok,4,quangninh,0,1,93,5,5,0.10771631204232407,0.029847969494265922,0.04971062563205989,0.2517245216404907,0.7749601451396511,2.507198586074379,7.253700876299609,0.04,1.6669409653472127,0.20967274924168455,0.18605349053856507,0.4274356007322663,0.6,19.52821727349504,0.24858507307068406,0.22650081734886543,0.4678829275425666,0.8434647609837178,0.8214252500996417,0.9135524627437479,98,5,0,440,True,True,True,True,True,True,True,True,1.6669409653472127,4.702468870663851,0.14646150499993382
local|4|quangninh|0|3,ok,4,quangninh,0,3,93,5,5,0.10771631204232407,0.029847969494265922,0.04971062563205989,0.2517245216404907,0.7749601451396511,2.507198586074379,7.253700876299609,0.04,1.6669409653472127,0.20967274924168455,0.18605349053856507,0.4274356007322663,0.6,19.52821727349504,0.24858507307068406,0.22650081734886543,0.4678829275425666,0.8434647609837178,0.8214252500996417,0.9135524627437479,98,5,0,440,True,True,True,True,True,True,True,True,1.6669409653472127,4.702468870663851,0.14970905799987122
local|4|quangninh|1|0,ok,4,quangninh,1,0,101,6,6,0.1853213230392548,0.08863749638649208,0.15773166296223026,0.15275671546153574,0.8585618847626675,7.204010572579141,34.943999979287376,0.11383029592014451,1.5627198131879363,0.14894565087382688,0.20607841579160538,0.30872624819556427,0.3076923076923077,11.94736869819539,0.33740980893068934,0.37742962807434505,0.5867715479254589,0.44143841385602184,0.5460048720685293,0.5261438617585862,179,6,0,0,True,True,True,True,True,True,True,True,1.5627198131879363,17.466741389984197,0.025899879000007786
local|4|quangninh|1|1,ok,4,quangninh,1,1,101,6,6,0.18554112262089437,0.08599147816754998,0.15248057153718944,0.1475201988315664,0.8631851677700488,7.216645909770906,34.943999979287376,0.1277468956984574,0.965126699468221,0.1300130796568075,0.20607841579160538,0.3053993964871542,0.3076923076923077,11.982061470875323,0.33740980893068934,0.37742962807434505,0.5867715479254589,0.38532691171261935,0.5460048720685293,0.5204741054110396,179,6,1,570,True,True,True,True,True,True,True,True,0.965126699468221,17.466741389984197,0.15943640000000414
local|4|quangninh|1|3,ok,4,quangninh,1,3,101,6,6,0.18554112262089437,0.08599147816754998,0.15248057153718944,0.1475201988315664,0.8631851677700488,7.216645909770906,34.943999979287376,0.1277468956984574,0.965126699468221,0.1300130796568075,0.20607841579160538,0.3053993964871542,0.3076923076923077,11.982061470875323,0.33740980893068934,0.37742962807434505,0.5867715479254589,0.38532691171261935,0.5460048720685293,0.5204741054110396,179,6,1,1140,True,True,True,True,True,True,True,True,0.965126699468221,17.466741389984197,0.23534085799997229
local|4|quangtri|0|0,ok,4,quangtri,0,0,162,9,9,0.15310727948793645,0.11838379304387772,0.07317841633320941,0.19633981484302118,0.8230426993756073,3.2146661312947438,15.96832896273052,0.06768628747795415,0.6277958856026844,0.10611023332998716,0.15137582553516127,0.18853888781660777,0.2727272727272727,13.227467571729191,0.16330747405422794,0.22954802883687853,0.3321604348150893,0.6497573607363014,0.6594516463599519,0.567613924041151,185,9,0,0,True,True,True,True,True,True,True,True,0.6277958856026844,1.2965533205551003,0.014849713000103293
local|4|quangtri|0|1,ok,4,quangtri,0,1,162,9,9,0.15310727948793645,0.11838379304387772,0.07317841633320941,0.19633981484302118,0.8230426993756073,3.2146661312947438,15.96832896273052,0.06768628747795415,0.6277958856026844,0.10611023332998716,0.15137582553516127,0.18853888781660777,0.2727272727272727,13.227467571729191,0.16330747405422794,0.22954802883687853,0.3321604348150893,0.6497573607363014,0.6594516463599519,0.567613924041151,185,9,0,900,True,True,True,True,True,True,True,True,0.6277958856026844,1.2965533205551003,0.18971863899992059
local|4|quangtri|0|3,ok,4,quangtri,0,3,162,9,9,0.15310727948793645,0.11838379304387772,0.07317841633320941,0.19633981484302118,0.8230426993756073,3.2146661312947438,15.96832896273052,0.06768628747795415,0.6277958856026844,0.10611023332998716,0.15137582553516127,0.18853888781660777,0.2727272727272727,13.227467571729191,0.16330747405422794,0.22954802883687853,0.3321604348150893,0.6497573607363014,0.6594516463599519,0.567613924041151,185,9,0,900,True,True,True,True,True,True,True,True,0.6277958856026844,1.2965533205551003,0.22291470400000435
local|4|quangtri|1|0,ok,4,quangtri,1,0,167,9,9,0.1429105959761329,0.12441288195909302,0.03892127641687921,0.1874500104796431,0.832218988184857,3.677038535022579,17.99375756001473,0.08504739858906525,0.6277958856026844,0.03370120628421557,0.03292765716308206,0.054447094542815905,0.0,19.189590486631324,0.18947859453526691,0.20244275705259562,0.5375283936990397,0.17786286818769334,0.16265169296487744,0.10129156930322204,191,9,0,0,True,True,True,True,True,True,True,True,0.6277958856026844,1.2965533205551003,0.01900679300001684
local|4|quangtri|1|1,ok,4,quangtri,1,1,167,9,9,0.1429105959761329,0.12441288195909302,0.03892127641687921,0.1874500104796431,0.832218988184857,3.677038535022579,17.99375756001473,0.08504739858906525,0.6277958856026844,0.03370120628421557,0.03292765716308206,0.054447094542815905,0.0,19.189590486631324,0.18947859453526691,0.20244275705259562,0.5375283936990397,0.17786286818769334,0.16265169296487744,0.10129156930322204,191,9,0,900,True,True,True,True,True,True,True,True,0.6277958856026844,1.2965533205551003,0.1920411820001391
local|4|quangtri|1|3,ok,4,quangtri,1,3,167,9,9,0.1429105959761329,0.12441288195909302,0.03892127641687921,0.1874500104796431,0.832218988184857,3.677038535022579,17.99375756001473,0.08504739858906525,0.6277958856026844,0.03370120628421557,0.03292765716308206,0.054447094542815905,0.0,19.189590486631324,0.18947859453526691,0.20244275705259562,0.5375283936990397,0.17786286818769334,0.16265169296487744,0.10129156930322204,191,9,0,900,True,True,True,True,True,True,True,True,0.6277958856026844,1.2965533205551003,0.1997677490001024
local|4|tuyenquang|0|0,ok,4,tuyenquang,0,0,50,3,3,0.11776707678390022,0.1106801832284186,0.047042635340017167,0.07505091664152444,0.9300870248240427,5.9400190375212,21.282784285726102,0.0,13.676359543604537,0.0,0.0,0.0,0.0,55.51319212380593,0.1490887728408584,0.08335168289946153,0.449245653474776,0.0,0.0,0.0,53,3,0,0,True,True,True,True,True,True,True,True,13.676359543604537,1.1567640442018425,0.0038563959999464714
local|4|tuyenquang|0|1,ok,4,tuyenquang,0,1,50,3,3,0.11776707678390022,0.1106801832284186,0.047042635340017167,0.07505091664152444,0.9300870248240427,5.9400190375212,21.282784285726102,0.0,13.676359543604537,0.0,0.0,0.0,0.0,55.51319212380593,0.1490887728408584,0.08335168289946153,0.449245653474776,0.0,0.0,0.0,53,3,0,141,True,True,True,True,True,True,True,True,13.676359543604537,1.1567640442018425,0.03384292199984884
local|4|tuyenquang|0|3,ok,4,tuyenquang,0,3,50,3,3,0.11776707678390022,0.1106801832284186,0.047042635340017167,0.07505091664152444,0.9300870248240427,5.9400190375212,21.282784285726102,0.0,13.676359543604537,0.0,0.0,0.0,0.0,55.51319212380593,0.1490887728408584,0.08335168289946153,0.449245653474776,0.0,0.0,0.0,53,3,0,141,True,True,True,True,True,True,True,True,13.676359543604537,1.1567640442018425,0.031088726000007227
local|4|tuyenquang|1|0,ok,4,tuyenquang,1,0,54,3,3,0.11201806249772235,0.11060499433678944,0.047830273581531524,0.09080585957076658,0.9172148406705105,8.966193334479755,50.643885536922355,0.0,13.676359543604537,0.0,0.0,0.0,0.0,63.406103272875335,0.19209119934833527,0.19881517224394862,0.20712611265274594,0.0,0.0,0.0,57,3,0,0,True,True,True,True,True,True,True,True,13.676359543604537,1.1567640442018425,0.00415493300010894
local|4|tuyenquang|1|1,ok,4,tuyenquang,1,1,54,3,3,0.11201806249772235,0.11060499433678944,0.047830273581531524,0.09080585957076658,0.9172148406705105,8.966193334479755,50.643885536922355,0.0,13.676359543604537,0.0,0.0,0.0,0.0,63.406103272875335,0.19209119934833527,0.19881517224394862,0.20712611265274594,0.0,0.0,0.0,57,3,0,153,True,True,True,True,True,True,True,True,13.676359543604537,1.1567640442018425,0.03360849099999541
local|4|tuyenquang|1|3,ok,4,tuyenquang,1,3,54,3,3,0.11201806249772235,0.11060499433678944,0.047830273581531524,0.09080585957076658,0.9172148406705105,8.966193334479755,50.643885536922355,0.0,13.676359543604537,0.0,0.0,0.0,0.0,63.406103272875335,0.19209119934833527,0.19881517224394862,0.20712611265274594,0.0,0.0,0.0,57,3,0,153,True,True,True,True,True,True,True,True,13.676359543604537,1.1567640442018425,0.03302289400016889
local|5|gialai|0|0,ok,5,gialai,0,0,36,2,2,0.10717911394405275,0.0314311690688839,0.07933827738225697,0.23758742377278694,0.7842997979005848,4.244800758783515,16.116229651068714,0.5238095238095238,1.6780267619799043,0.01249357859943841,0.005797273850242529,0.06744800002026452,0.0,18.402430282541005,0.07925036838540853,0.10054633725914293,0.23211511353600467,0.1576469466826947,0.057657732825224,0.2905799583352089,40,2,0,0,True,True,True,True,True,True,True,True,1.6780267619799043,67.1758776009212,0.003172956000071281
local|5|gialai|0|1,ok,5,gialai,0,1,36,2,2,0.10717911394405275,0.0314311690688839,0.07933827738225697,0.23758742377278694,0.7842997979005848,4.244800758783515,16.116229651068714,0.5238095238095238,1.6780267619799043,0.01249357859943841,0.005797273850242529,0.06744800002026452,0.0,18.402430282541005,0.07925036838540853,0.10054633725914293,0.23211511353600467,0.1576469466826947,0.057657732825224,0.2905799583352089,40,2,0,68,True,True,True,True,True,True,True,True,1.6780267619799043,67.1758776009212,0.01674775299989051
local|5|gialai|0|3,ok,5,gialai,0,3,36,2,2,0.10717911394405275,0.0314311690688839,0.07933827738225697,0.23758742377278694,0.7842997979005848,4.244800758783515,16.116229651068714,0.5238095238095238,1.6780267619799043,0.01249357859943841,0.005797273850242529,0.06744800002026452,0.0,18.402430282541005,0.07925036838540853,0.10054633725914293,0.23211511353600467,0.1576469466826947,0.057657732825224,0.2905799583352089,40,2,0,68,True,True,True,True,True,True,True,True,1.6780267619799043,67.1758776009212,0.017120788000056564
local|5|gialai|1|0,ok,5,gialai,1,0,51,3,3,0.18469298189677158,0.12505799943342072,0.16259054959457855,0.16882748283198729,0.8466942737262912,7.39644327049241,27.014161391488766,0.34964039163188704,1.6051011110441427,0.13999858222693737,0.23124816519744223,0.23124816519744223,0.3,21.930791450864998,0.20200894414948856,0.2958181935630509,0.33895985418841285,0.6930316022212218,0.7817239447382193,0.6822287723457114,69,3,0,0,True,True,True,True,True,True,True,True,1.6051011110441427,50.29419380741678,0.00519444199994723
local|5|gialai|1|1,ok,5,gialai,1,1,51,3,3,0.18474804525983457,0.12596783003409423,0.1588964171773253,0.17023682448880162,0.84568140037878,7.364021748755603,27.014161391488766,0.32648108774969153,1.6051011110441427,0.1419866507863749,0.23124816519744223,0.23124816519744223,0.3,21.837595770813113,0.20200894414948856,0.2958181935630509,0.33895985418841285,0.7028730900217142,0.7817239447382193,0.6822287723457114,69,3,1,144,True,True,True,True,True,True,True,True,1.6051011110441427,50.29419380741678,0.030057752999937293
local|5|gialai|1|3,ok,5,gialai,1,3,51,3,3,0.18474804525983457,0.12596783003409423,0.1588964171773253,0.17023682448880162,0.84568140037878,7.364021748755603,27.014161391488766,0.32648108774969153,1.6051011110441427,0.1419866507863749,0.23124816519744223,0.23124816519744223,0.3,21.837595770813113,0.20200894414948856,0.2958181935630509,0.33895985418841285,0.7028730900217142,0.7817239447382193,0.6822287723457114,69,3,1,288,True,True,True,True,True,True,True,True,1.6051011110441427,50.29419380741678,0.062390605000018695
local|5|khanhhoa|0|0,ok,5,khanhhoa,0,0,213,11,11,0.4361157584887668,0.3140738310322222,0.4075484972322143,0.1167968880349352,0.8954731993269964,33.757870641800416,460.07686070960654,0.21813898151466563,0.5341086013984506,0.18007306287821775,0.22835647399985148,0.25595602457503897,0.3,11.750978453100617,0.41878995273749087,0.4703256377458589,0.5439510796691349,0.4299842001966378,0.48552844172880116,0.4705497132770238,490,11,0,0,True,True,True,True,True,True,True,True,0.5341086013984506,23.639743353986695,0.050404217000050267
local|5|khanhhoa|0|1,ok,5,khanhhoa,0,1,213,11,11,0.4364608117589114,0.31298140839880184,0.3957214998165732,0.11767733779836183,0.8946075945511178,33.73031288387393,460.07686070960654,0.20880443851870356,0.5341086013984506,0.17513726011923442,0.24341045953547627,0.25595602457503897,0.3,11.616299636631021,0.41878995273749087,0.4703256377458589,0.5439510796691349,0.41819833301735226,0.5175360218551459,0.4705497132770238,490,11,1,1100,True,True,True,True,True,True,True,True,0.5341086013984506,23.639743353986695,0.37933693499985566
local|5|khanhhoa|0|3,ok,5,khanhhoa,0,3,213,11,11,0.4364608117589114,0.31298140839880184,0.3957214998165732,0.11767733779836183,0.8946075945511178,33.73031288387393,460.07686070960654,0.20880443851870356,0.5341086013984506,0.17513726011923442,0.24341045953547627,0.25595602457503897,0.3,11.616299636631021,0.41878995273749087,0.4703256377458589,0.5439510796691349,0.41819833301735226,0.5175360218551459,0.4705497132770238,490,11,1,2200,True,True,True,True,True,True,True,True,0.5341086013984506,23.639743353986695,0.7262454130000151
local|5|khanhhoa|1|0,ok,5,khanhhoa,1,0,201,11,11,0.1385108397598725,0.06563246535586813,0.09556088621454326,0.20398481049743478,0.8157342800874039,2.461723949581759,9.074986790569072,0.01818181818181818,0.6285313732759573,0.23657594542588567,0.27178975381906545,0.4786102688055729,0.5,8.33900754799263,0.4703306656231907,0.5916187519280323,0.7343042701744278,0.5029991933705221,0.45940016764736935,0.6517873969218279,221,11,0,0,True,True,True,True,True,True,True,True,0.6285313732759573,3.9630876623962767,0.019695396000088294
local|5|khanhhoa|1|1,ok,5,khanhhoa,1,1,201,11,11,0.1385108397598725,0.06563246535586813,0.09556088621454326,0.20398481049743478,0.8157342800874039,2.461723949581759,9.074986790569072,0.01818181818181818,0.6285313732759573,0.23657594542588567,0.27178975381906545,0.4786102688055729,0.5,8.33900754799263,0.4703306656231907,0.5916187519280323,0.7343042701744278,0.5029991933705221,0.45940016764736935,0.6517873969218279,221,11,0,1100,True,True,True,True,True,True,True,True,0.6285313732759573,3.9630876623962767,0.23907581800017397
local|5|khanhhoa|1|3,ok,5,khanhhoa,1,3,201,11,11,0.1385108397598725,0.06563246535586813,0.09556088621454326,0.20398481049743478,0.8157342800874039,2.461723949581759,9.074986790569072,0.01818181818181818,0.6285313732759573,0.23657594542588567,0.27178975381906545,0.4786102688055729,0.5,8.33900754799263,0.4703306656231907,0.5916187519280323,0.7343042701744278,0.5029991933705221,0.45940016764736935,0.6517873969218279,221,11,0,1100,True,True,True,True,True,True,True,True,0.6285313732759573,3.9630876623962767,0.2626474449998568
local|5|laichau|0|0,ok,5,laichau,0,0,16,1,1,0.0716586947855583,0.07331136336035182,0.03775517439863367,0.015551411321065882,0.9827260647557445,32.37121905222535,99.68065557502447,0.0,,0.03449301430061235,0.03221058320632064,0.0730162335717768,0.0,21.157260409328895,0.09801674243384181,0.07324282514860606,0.2044918431890028,0.3519094130667936,0.4397780006569513,0.3570618389130129,16,1,0,0,True,True,True,True,True,True,True,True,,,0.0013367480000852083
local|5|laichau|0|1,ok,5,laichau,0,1,16,1,1,0.0716586947855583,0.07331136336035182,0.03775517439863367,0.015551411321065882,0.9827260647557445,32.37121905222535,99.68065557502447,0.0,,0.03449301430061235,0.03221058320632064,0.0730162335717768,0.0,21.157260409328895,0.09801674243384181,0.07324282514860606,0.2044918431890028,0.3519094130667936,0.4397780006569513,0.3570618389130129,16,1,0,15,True,True,True,True,True,True,True,True,,,0.005167460999928153
local|5|laichau|0|3,ok,5,laichau,0,3,16,1,1,0.0716586947855583,0.07331136336035182,0.03775517439863367,0.015551411321065882,0.9827260647557445,32.37121905222535,99.68065557502447,0.0,,0.03449301430061235,0.03221058320632064,0.0730162335717768,0.0,21.157260409328895,0.09801674243384181,0.07324282514860606,0.2044918431890028,0.3519094130667936,0.4397780006569513,0.3570618389130129,16,1,0,15,True,True,True,True,True,True,True,True,,,0.006242986999950517
local|5|phutho|0|0,ok,5,phutho,0,0,65,4,4,0.07987195894324672,0.03466699676378007,0.0323398627581075,0.2583609508728491,0.7686440143708817,3.119042016449551,12.218026715607737,0.16666666666666666,1.0632364855834457,0.018024092810194937,0.024579903340583735,0.024579903340583735,0.0,13.933506759701281,0.16480454341599138,0.203180855013397,0.24565481886238172,0.10936648005328,0.12097548924559366,0.1000587061732082,71,4,0,0,True,True,True,True,True,True,True,True,1.0632364855834457,8.397105074315347,0.004913707000014256
local|5|phutho|0|1,ok,5,phutho,0,1,65,4,4,0.07987195894324672,0.03466699676378007,0.0323398627581075,0.2583609508728491,0.7686440143708817,3.119042016449551,12.218026715607737,0.16666666666666666,1.0632364855834457,0.018024092810194937,0.024579903340583735,0.024579903340583735,0.0,13.933506759701281,0.16480454341599138,0.203180855013397,0.24565481886238172,0.10936648005328,0.12097548924559366,0.1000587061732082,71,4,0,244,True,True,True,True,True,True,True,True,1.0632364855834457,8.397105074315347,0.04779931099983514
local|5|phutho|0|3,ok,5,phutho,0,3,65,4,4,0.07987195894324672,0.03466699676378007,0.0323398627581075,0.2583609508728491,0.7686440143708817,3.119042016449551,12.218026715607737,0.16666666666666666,1.0632364855834457,0.018024092810194937,0.024579903340583735,0.024579903340583735,0.0,13.933506759701281,0.16480454341599138,0.203180855013397,0.24565481886238172,0.10936648005328,0.12097548924559366,0.1000587061732082,71,4,0,244,True,True,True,True,True,True,True,True,1.0632364855834457,8.397105074315347,0.054108204000158366
local|5|phutho|1|0,ok,5,phutho,1,0,65,4,4,0.17490044802760835,0.05388634579403857,0.202111585181104,0.2957830066277995,0.7352538136209978,2.106838744222287,7.5021060130165536,0.4136904761904762,0.6427437041214336,0.14262651858002734,0.1982202810824131,0.2501252025731474,0.18181818181818182,16.44877174652751,0.24306780594172567,0.29580475954930163,0.3820913072017045,0.5867766733954942,0.6701051104939231,0.6546215468888104,72,4,0,0,True,True,True,True,True,True,True,True,0.6427437041214336,29.347619036697765,0.005022522999979628
local|5|phutho|1|1,ok,5,phutho,1,1,65,4,4,0.17490044802760835,0.05388634579403857,0.202111585181104,0.2957830066277995,0.7352538136209978,2.106838744222287,7.5021060130165536,0.4136904761904762,0.6427437041214336,0.14262651858002734,0.1982202810824131,0.2501252025731474,0.18181818181818182,16.44877174652751,0.24306780594172567,0.29580475954930163,0.3820913072017045,0.5867766733954942,0.6701051104939231,0.6546215468888104,72,4,0,244,True,True,True,True,True,True,True,True,0.6427437041214336,29.347619036697765,0.04828982799995174
local|5|phutho|1|3,ok,5,phutho,1,3,65,4,4,0.17490044802760835,0.05388634579403857,0.202111585181104,0.2957830066277995,0.7352538136209978,2.106838744222287,7.5021060130165536,0.4136904761904762,0.6427437041214336,0.14262651858002734,0.1982202810824131,0.2501252025731474,0.18181818181818182,16.44877174652751,0.24306780594172567,0.29580475954930163,0.3820913072017045,0.5867766733954942,0.6701051104939231,0.6546215468888104,72,4,0,244,True,True,True,True,True,True,True,True,0.6427437041214336,29.347619036697765,0.04798036399984085
local|5|thainguyen|0|0,ok,5,thainguyen,0,0,40,2,2,0.16284403397762143,0.09136818783853812,0.06815194083857509,0.10975300251553025,0.9003760194363712,7.8496224705041495,26.02078937643742,0.33962264150943394,2.1899436104841037,0.10020227224322878,0.11951087075474759,0.1769703592310923,0.17647058823529413,9.79615015023698,0.27619253054156595,0.31336021252862456,0.5066252895899636,0.3627986319787483,0.3813849556405653,0.34931213041955134,45,2,0,0,True,True,True,True,True,True,True,True,2.1899436104841037,11.598450965769501,0.003347575999896435
local|5|thainguyen|0|1,ok,5,thainguyen,0,1,40,2,2,0.16284403397762143,0.09136818783853812,0.06815194083857509,0.10975300251553025,0.9003760194363712,7.8496224705041495,26.02078937643742,0.33962264150943394,2.1899436104841037,0.10020227224322878,0.11951087075474759,0.1769703592310923,0.17647058823529413,9.79615015023698,0.27619253054156595,0.31336021252862456,0.5066252895899636,0.3627986319787483,0.3813849556405653,0.34931213041955134,45,2,0,76,True,True,True,True,True,True,True,True,2.1899436104841037,11.598450965769501,0.021704684000042107
local|5|thainguyen|0|3,ok,5,thainguyen,0,3,40,2,2,0.16284403397762143,0.09136818783853812,0.06815194083857509,0.10975300251553025,0.9003760194363712,7.8496224705041495,26.02078937643742,0.33962264150943394,2.1899436104841037,0.10020227224322878,0.11951087075474759,0.1769703592310923,0.17647058823529413,9.79615015023698,0.27619253054156595,0.31336021252862456,0.5066252895899636,0.3627986319787483,0.3813849556405653,0.34931213041955134,45,2,0,76,True,True,True,True,True,True,True,True,2.1899436104841037,11.598450965769501,0.018609890999869094
local|5|thainguyen|1|0,ok,5,thainguyen,1,0,34,2,2,0.06505327106349013,0.01824235602889109,0.09205268753627613,0.3261552326996229,0.7088720924485965,2.084334487052979,6.574828209325093,0.8636363636363636,0.6556537445536585,0.0,0.0,0.0,0.0,38.49414544841146,0.08805962183288477,0.08305493280727243,0.1870140929497695,0.0,0.0,0.0,35,2,0,0,True,True,True,True,True,True,True,True,0.6556537445536585,55.601057853691756,0.003082833999997092
local|5|thainguyen|1|1,ok,5,thainguyen,1,1,34,2,2,0.06505327106349013,0.01824235602889109,0.09205268753627613,0.3261552326996229,0.7088720924485965,2.084334487052979,6.574828209325093,0.8636363636363636,0.6556537445536585,0.0,0.0,0.0,0.0,38.49414544841146,0.08805962183288477,0.08305493280727243,0.1870140929497695,0.0,0.0,0.0,35,2,0,64,True,True,True,True,True,True,True,True,0.6556537445536585,55.601057853691756,0.01811316699991039
local|5|thainguyen|1|3,ok,5,thainguyen,1,3,34,2,2,0.06505327106349013,0.01824235602889109,0.09205268753627613,0.3261552326996229,0.7088720924485965,2.084334487052979,6.574828209325093,0.8636363636363636,0.6556537445536585,0.0,0.0,0.0,0.0,38.49414544841146,0.08805962183288477,0.08305493280727243,0.1870140929497695,0.0,0.0,0.0,35,2,0,64,True,True,True,True,True,True,True,True,0.6556537445536585,55.601057853691756,0.021042095999973753
local|5|vinhlong|0|0,ok,5,vinhlong,0,0,302,16,16,0.2633234233934748,0.24159269474813944,0.25664246738238317,0.18638080953199337,0.8314692071151453,3.5296723230644216,11.991737028406652,0.08574174874995656,0.5172794441741347,0.029849944112798656,0.03401856526908427,0.08871165728657168,0.0,12.46568640967206,0.25594662509601596,0.2847979109933735,0.32453474952581013,0.11662566014144836,0.11944808566336639,0.2733502573027745,502,16,0,0,True,True,True,True,True,True,True,True,0.5172794441741347,2.268873086430848,0.03977846500015403
local|5|vinhlong|0|1,ok,5,vinhlong,0,1,302,16,16,0.2633448571125646,0.24178178929777655,0.2566204173869947,0.1867076601813679,0.8311444337622353,3.5274545168536067,11.991737028406652,0.08523285197699078,0.5172794441741347,0.031843409895077356,0.03401856526908427,0.08871165728657168,0.0,12.445100556182885,0.25594662509601596,0.2847979109933735,0.32453474952581013,0.12441425974314606,0.11944808566336639,0.2733502573027745,502,16,1,1600,True,True,True,True,True,True,True,True,0.5172794441741347,2.268873086430848,0.2668358309999803
local|5|vinhlong|0|3,ok,5,vinhlong,0,3,302,16,16,0.2636550579127733,0.24180728598242507,0.256495287077418,0.1866758023965716,0.8310532504048127,3.531980571895116,11.991737028406652,0.08611123577371667,0.5010010296539215,0.031843409895077356,0.03401856526908427,0.08871165728657168,0.0,12.445100556182885,0.25594662509601596,0.2847979109933735,0.32453474952581013,0.12441425974314606,0.11944808566336639,0.2733502573027745,502,16,3,4800,True,True,True,True,True,True,True,True,0.5010010296539215,2.268873086430848,0.7429583799998909
local|5|vinhlong|1|0,ok,5,vinhlong,1,0,300,15,15,0.23192263325846296,0.21386450195623452,0.20146714191032045,0.17796153598616718,0.8403619923682406,3.5197459149306285,16.58662536192059,0.0736123637271341,0.5172794441741347,0.10896801508550438,0.13080380813631082,0.1355312079842716,0.18181818181818182,9.508275492098445,0.15815859933288642,0.19113854122675483,0.2963924560883589,0.6889793886967379,0.6843403078039261,0.4572694250486179,485,15,0,0,True,True,True,True,True,True,True,True,0.5172794441741347,2.268873086430848,0.03694723399985378
local|5|vinhlong|1|1,ok,5,vinhlong,1,1,300,15,15,0.23192867792576916,0.21411854976585798,0.20160604569766274,0.17798616267622872,0.8403372552757413,3.519746750660464,16.58662536192059,0.07361874631935028,0.5172794441741347,0.10896801508550438,0.13080380813631082,0.1355312079842716,0.18181818181818182,9.508275492098445,0.15815859933288642,0.19113854122675483,0.2963924560883589,0.6889793886967379,0.6843403078039261,0.4572694250486179,485,15,1,1500,True,True,True,True,True,True,True,True,0.5172794441741347,2.268873086430848,0.2559162299999116
local|5|vinhlong|1|3,ok,5,vinhlong,1,3,300,15,15,0.23224931100147295,0.21388999864088298,0.20132599250314084,0.17793690107086443,0.8403061731988242,3.524271969972137,16.58662536192059,0.07461623092339227,0.5010010296539215,0.10896801508550438,0.13080380813631082,0.1355312079842716,0.18181818181818182,9.508275492098445,0.15815859933288642,0.19113854122675483,0.2963924560883589,0.6889793886967379,0.6843403078039261,0.4572694250486179,485,15,2,4500,True,True,True,True,True,True,True,True,0.5010010296539215,2.268873086430848,0.6799396930000512
